Name of Earth Meteorite,ID of Earth Meteorite,Name Type,Recclass,Mass of Earth Meteorite,Year,Latitude,Longitude,Point Coordinates
Aachen,1,Valid,L5,,1880-01-01T00:00:00.000,50.775,6.08333,"[50, 6]"
Aarhus,2,Valid,H6,,1951-01-01T00:00:00.000,56.18333,10.23333,"[56, 10]"
Abee,6,Valid,EH4,,1952-01-01T00:00:00.000,54.21667,-113.0,"[54, -113]"
Acapulco,10,Valid,Acapulcoite,,1976-01-01T00:00:00.000,16.88333,-99.9,"[16, -99]"
Achiras,370,Valid,L6,,1902-01-01T00:00:00.000,-33.16667,-64.95,"[-33, -64]"
Adhi Kot,379,Valid,EH4,,1919-01-01T00:00:00.000,32.1,71.8,"[32, 71]"
Adzhi-Bogdo (stone),390,Valid,LL3-6,,1949-01-01T00:00:00.000,44.83333,95.16667,"[44, 95]"
Agen,392,Valid,H5,,1814-01-01T00:00:00.000,44.21667,0.61667,"[44, 0]"
Aguada,398,Valid,L6,,1930-01-01T00:00:00.000,-31.6,-65.23333,"[-31, -65]"
Aguila Blanca,417,Valid,L,,1920-01-01T00:00:00.000,-30.86667,-64.55,"[-30, -64]"
Aioun el Atrouss,423,Valid,Diogenite-pm,,1974-01-01T00:00:00.000,16.39806,-9.57028,"[16, -9]"
Aïr,424,Valid,L6,,1925-01-01T00:00:00.000,19.08333,8.38333,"[19, 8]"
Aire-sur-la-Lys,425,Valid,Unknown,,1769-01-01T00:00:00.000,50.66667,2.33333,"[50, 2]"
Akaba,426,Valid,L6,,1949-01-01T00:00:00.000,29.51667,35.05,"[29, 35]"
Akbarpur,427,Valid,H4,,1838-01-01T00:00:00.000,29.71667,77.95,"[29, 77]"
Akwanga,432,Valid,H,,1959-01-01T00:00:00.000,8.91667,8.43333,"[8, 8]"
Akyumak,433,Valid,"Iron, IVA",,1981-01-01T00:00:00.000,39.91667,42.81667,"[39, 42]"
Al Rais,446,Valid,CR2-an,,1957-01-01T00:00:00.000,24.41667,39.51667,"[24, 39]"
Al Zarnkh,447,Valid,LL5,,2001-01-01T00:00:00.000,13.66033,28.96,"[13, 28]"
Alais,448,Valid,CI1,,1806-01-01T00:00:00.000,44.11667,4.08333,"[44, 4]"
Albareto,453,Valid,L/LL4,,1766-01-01T00:00:00.000,44.65,11.01667,"[44, 11]"
Alberta,454,Valid,L,,1949-01-01T00:00:00.000,2.0,22.66667,"[2, 22]"
Alby sur Chéran,458,Valid,Eucrite-mmict,,2002-01-01T00:00:00.000,45.82133,6.01533,"[45, 6]"
Aldsworth,461,Valid,LL5,,1835-01-01T00:00:00.000,51.78333,-1.78333,"[51, -1]"
Aleppo,462,Valid,L6,,1873-01-01T00:00:00.000,36.23333,37.13333,"[36, 37]"
Alessandria,463,Valid,H5,,1860-01-01T00:00:00.000,44.88333,8.75,"[44, 8]"
Alexandrovsky,465,Valid,H4,,1900-01-01T00:00:00.000,50.95,31.81667,"[50, 31]"
Alfianello,466,Valid,L6,,1883-01-01T00:00:00.000,45.26667,10.15,"[45, 10]"
Allegan,2276,Valid,H5,,1899-01-01T00:00:00.000,42.53333,-85.88333,"[42, -85]"
Allende,2278,Valid,CV3,,1969-01-01T00:00:00.000,26.96667,-105.31667,"[26, -105]"
Almahata Sitta,48915,Valid,Ureilite-an,,2008-01-01T00:00:00.000,20.74575,32.41275,"[20, 32]"
Alta'ameem,2284,Valid,LL5,,1977-01-01T00:00:00.000,35.27333,44.21556,"[35, 44]"
Ambapur Nagla,2290,Valid,H5,,1895-01-01T00:00:00.000,27.66667,78.25,"[27, 78]"
Andhara,2294,Valid,Stone-uncl,,1880-01-01T00:00:00.000,26.58333,85.56667,"[26, 85]"
Andover,2295,Valid,L6,,1898-01-01T00:00:00.000,44.61667,-70.75,"[44, -70]"
Andreevka,2296,Valid,L3,,1969-01-01T00:00:00.000,48.7,37.5,"[48, 37]"
Andura,2298,Valid,H6,,1939-01-01T00:00:00.000,20.88333,76.86667,"[20, 76]"
Northwest Africa 5815,50693,Valid,L5,,,0.0,0.0,"[None, None]"
Angers,2301,Valid,L6,,1822-01-01T00:00:00.000,47.46667,-0.55,"[47, 0]"
Angra dos Reis (stone),2302,Valid,Angrite,,1869-01-01T00:00:00.000,-22.96667,-44.31667,"[-22, -44]"
Ankober,2304,Valid,H4,,1942-01-01T00:00:00.000,9.53333,39.71667,"[9, 39]"
Anlong,2305,Valid,H5,,1971-01-01T00:00:00.000,25.15,105.18333,"[25, 105]"
Aomori,2313,Valid,L6,,1984-01-01T00:00:00.000,40.81056,140.78556,"[40, 140]"
Appley Bridge,2318,Valid,LL6,,1914-01-01T00:00:00.000,53.58333,-2.71667,"[53, -2]"
Apt,2320,Valid,L6,,1803-01-01T00:00:00.000,43.86667,5.38333,"[43, 5]"
Arbol Solo,2325,Valid,H5,,1954-01-01T00:00:00.000,-33.0,-66.0,"[-33, -66]"
Archie,2329,Valid,H6,,1932-01-01T00:00:00.000,38.5,-94.3,"[38, -94]"
Arroyo Aguiar,2340,Valid,H5,,1950-01-01T00:00:00.000,-31.41667,-60.66667,"[-31, -60]"
Asco,2345,Valid,H6,,1805-01-01T00:00:00.000,42.45,9.03333,"[42, 9]"
Ash Creek,48954,Valid,L6,,2009-01-01T00:00:00.000,31.805,-97.01,"[31, -97]"
Ashdon,2346,Valid,L6,,1923-01-01T00:00:00.000,52.05,0.3,"[52, 0]"
Assisi,2353,Valid,H5,,1886-01-01T00:00:00.000,43.03333,12.55,"[43, 12]"
Atarra,4883,Valid,L4,,1920-01-01T00:00:00.000,25.25417,80.625,"[25, 80]"
Atemajac,4884,Valid,L6,,1896-01-01T00:00:00.000,20.06667,-103.66667,"[20, -103]"
Athens,4885,Valid,LL6,,1933-01-01T00:00:00.000,34.75,-87.0,"[34, -87]"
Atoka,4888,Valid,L6,,1945-01-01T00:00:00.000,34.31667,-96.15,"[34, -96]"
Aubres,4893,Valid,Aubrite,,1836-01-01T00:00:00.000,44.38333,5.16667,"[44, 5]"
Aumale,4899,Valid,L6,,1865-01-01T00:00:00.000,36.16667,3.66667,"[36, 3]"
Aumieres,4900,Valid,L6,,1842-01-01T00:00:00.000,44.33333,3.23333,"[44, 3]"
Ausson,4903,Valid,L5,,1858-01-01T00:00:00.000,43.08333,0.58333,"[43, 0]"
Avanhandava,4905,Valid,H4,,1952-01-01T00:00:00.000,-21.46028,-49.95083,"[-21, -49]"
Avce,4906,Valid,"Iron, IIAB",,1908-01-01T00:00:00.000,46.0,13.5,"[46, 13]"
Avilez,4907,Valid,H,,1855-01-01T00:00:00.000,25.0,-103.5,"[25, -103]"
Awere,4910,Valid,L4,,1968-01-01T00:00:00.000,2.71667,32.83333,"[2, 32]"
Aztec,4913,Valid,L6,,1938-01-01T00:00:00.000,36.8,-108.0,"[36, -108]"
Bachmut,4917,Valid,L6,,1814-01-01T00:00:00.000,48.6,38.0,"[48, 38]"
Bahjoi,4922,Valid,"Iron, IAB-sLL",,1934-01-01T00:00:00.000,28.48333,78.5,"[28, 78]"
Bald Mountain,4925,Valid,L4,,1929-01-01T00:00:00.000,35.96667,-82.48333,"[35, -82]"
Baldwyn,4926,Valid,L6,,1922-01-01T00:00:00.000,34.5,-88.66667,"[34, -88]"
Bali,4928,Valid,CV3,,1907-01-01T00:00:00.000,5.38333,16.38333,"[5, 16]"
Ban Rong Du,4934,Valid,"Iron, ungrouped",,1993-01-01T00:00:00.000,16.66667,101.18333,"[16, 101]"
Bandong,4935,Valid,LL6,,1871-01-01T00:00:00.000,-6.91667,107.6,"[-6, 107]"
Bansur,4936,Valid,L6,,1892-01-01T00:00:00.000,27.7,76.33333,"[27, 76]"
Banswal,4937,Valid,L5,,1913-01-01T00:00:00.000,30.4,78.2,"[30, 78]"
Banten,4938,Valid,CM2,,1933-01-01T00:00:00.000,-6.33333,106.0,"[-6, 106]"
Barbotan,4942,Valid,H5,,1790-01-01T00:00:00.000,43.95,-0.05,"[43, 0]"
Barcelona (stone),4944,Valid,OC,,1704-01-01T00:00:00.000,41.36667,2.16667,"[41, 2]"
Barea,4946,Valid,Mesosiderite-A1,,1842-01-01T00:00:00.000,42.38333,-2.5,"[42, -2]"
Barnaul,4947,Valid,H5,,1904-01-01T00:00:00.000,52.73333,84.08333,"[52, 84]"
Barntrup,4948,Valid,LL4,,1886-01-01T00:00:00.000,52.0,9.1,"[52, 9]"
Baroti,4949,Valid,L6,,1910-01-01T00:00:00.000,31.61667,76.8,"[31, 76]"
Barwell,4954,Valid,L5,,1965-01-01T00:00:00.000,52.56528,-1.33972,"[52, -1]"
Bassikounou,44876,Valid,H5,,2006-01-01T00:00:00.000,15.78333,-5.9,"[15, -5]"
Baszkówka,4957,Valid,L5,,1994-01-01T00:00:00.000,52.03333,20.93583,"[52, 20]"
Bath,4974,Valid,H4,,1892-01-01T00:00:00.000,45.41667,-98.31667,"[45, -98]"
Bath Furnace,4975,Valid,L6,,1902-01-01T00:00:00.000,38.25,-83.75,"[38, -83]"
Battle Mountain,56133,Valid,L6,,2012-01-01T00:00:00.000,40.66813,-117.18913,"[40, -117]"
Bawku,4976,Valid,LL5,,1989-01-01T00:00:00.000,11.08333,-0.18333,"[11, 0]"
Baxter,4977,Valid,L6,,1916-01-01T00:00:00.000,36.75,-93.5,"[36, -93]"
Beardsley,4984,Valid,H5,,1929-01-01T00:00:00.000,39.8,-101.2,"[39, -101]"
Beaver Creek,4986,Valid,H5,,1893-01-01T00:00:00.000,51.16667,-117.33333,"[51, -117]"
Beddgelert,4993,Valid,H5,,1949-01-01T00:00:00.000,53.01667,-4.1,"[53, -4]"
Bells,5005,Valid,C2-ung,,1961-01-01T00:00:00.000,33.6,-96.46667,"[33, -96]"
Belville,5009,Valid,OC,,1937-01-01T00:00:00.000,-32.33333,-64.86667,"[-32, -64]"
Benares (a),5011,Valid,LL4,,1798-01-01T00:00:00.000,25.36667,82.91667,"[25, 82]"
Benguerir,30443,Valid,LL6,,2004-01-01T00:00:00.000,32.25,-8.15,"[32, -8]"
Beni M'hira,5018,Valid,L6,,2001-01-01T00:00:00.000,32.86667,10.8,"[32, 10]"
Benld,5021,Valid,H6,,1938-01-01T00:00:00.000,39.08333,-89.15,"[39, -89]"
Benoni,5023,Valid,H6,,1943-01-01T00:00:00.000,-26.16667,28.41667,"[-26, 28]"
Bensour,5024,Valid,LL6,,2002-01-01T00:00:00.000,30.0,-7.0,"[30, -7]"
Benton,5026,Valid,LL6,,1949-01-01T00:00:00.000,45.95,-67.55,"[45, -67]"
Berduc,48975,Valid,L6,,2008-01-01T00:00:00.000,-31.91,-58.32833,"[-31, -58]"
Béréba,5028,Valid,Eucrite-mmict,,1924-01-01T00:00:00.000,11.65,-3.65,"[11, -3]"
Berlanguillas,5029,Valid,L6,,1811-01-01T00:00:00.000,41.68333,-3.8,"[41, -3]"
Berthoud,47355,Valid,Eucrite-mmict,,2004-01-01T00:00:00.000,40.30583,-105.02325,"[40, -105]"
Bethlehem,5032,Valid,H,,1859-01-01T00:00:00.000,42.53333,-73.83333,"[42, -73]"
Beuste,5034,Valid,L5,,1859-01-01T00:00:00.000,43.21667,-0.23333,"[43, 0]"
Beyrout,5035,Valid,LL3.8,,1921-01-01T00:00:00.000,33.88333,35.5,"[33, 35]"
Bhagur,5037,Valid,L6,,1877-01-01T00:00:00.000,20.88333,74.83333,"[20, 74]"
Bhawad,36591,Valid,LL6,,2002-01-01T00:00:00.000,26.50833,73.11528,"[26, 73]"
Bherai,5039,Valid,L6,,1893-01-01T00:00:00.000,20.83333,71.46667,"[20, 71]"
Bhola,5040,Valid,LL3-6,,1940-01-01T00:00:00.000,22.68333,90.65,"[22, 90]"
Bholghati,5041,Valid,Howardite,,1905-01-01T00:00:00.000,22.08333,86.9,"[22, 86]"
Bialystok,5042,Valid,Eucrite-pmict,,1827-01-01T00:00:00.000,53.1,23.2,"[53, 23]"
Bielokrynitschie,5043,Valid,H4,,1887-01-01T00:00:00.000,50.13333,27.16667,"[50, 27]"
Bilanga,5045,Valid,Diogenite,,1999-01-01T00:00:00.000,12.45,-0.08333,"[12, 0]"
Binningup,5051,Valid,H5,,1984-01-01T00:00:00.000,-33.15639,115.67639,"[-33, 115]"
Birni N'konni,5056,Valid,H4,,1923-01-01T00:00:00.000,13.76667,5.3,"[13, 5]"
Bishopville,5059,Valid,Aubrite,,1843-01-01T00:00:00.000,34.16667,-80.28333,"[34, -80]"
Bishunpur,5060,Valid,LL3.15,,1895-01-01T00:00:00.000,25.38333,82.6,"[25, 82]"
Bjelaja Zerkov,5063,Valid,H6,,1796-01-01T00:00:00.000,49.78333,30.16667,"[49, 30]"
Bjurböle,5064,Valid,L/LL4,,1899-01-01T00:00:00.000,60.4,25.8,"[60, 25]"
Black Moshannan Park,5065,Valid,L5,,1941-01-01T00:00:00.000,40.91667,-78.08333,"[40, -78]"
Blackwell,5068,Valid,L5,,1906-01-01T00:00:00.000,36.83333,-97.33333,"[36, -97]"
Blanket,5071,Valid,L6,,1909-01-01T00:00:00.000,31.83333,-98.83333,"[31, -98]"
Blansko,5072,Valid,H6,,1833-01-01T00:00:00.000,49.36667,16.63333,"[49, 16]"
Bloomington,5076,Valid,LL6,,1938-01-01T00:00:00.000,40.48,-89.00417,"[40, -89]"
Bo Xian,5090,Valid,LL3.9,,1977-01-01T00:00:00.000,33.83333,115.83333,"[33, 115]"
Bocas,5093,Valid,L6,,1804-01-01T00:00:00.000,23.0,-102.0,"[23, -102]"
Bogou,5097,Valid,"Iron, IAB-MG",,1962-01-01T00:00:00.000,12.5,0.7,"[12, 0]"
Boguslavka,5098,Valid,"Iron, IIAB",,1916-01-01T00:00:00.000,44.55,131.63333,"[44, 131]"
Borgo San Donino,5110,Valid,LL6,,1808-01-01T00:00:00.000,44.86667,10.05,"[44, 10]"
Bori,5111,Valid,L6,,1894-01-01T00:00:00.000,21.95,78.03333,"[21, 78]"
Boriskino,5112,Valid,CM2,,1930-01-01T00:00:00.000,54.23333,52.48333,"[54, 52]"
Borkut,5113,Valid,L5,,1852-01-01T00:00:00.000,48.15,24.28333,"[48, 24]"
Borodino,5114,Valid,H5,,1812-01-01T00:00:00.000,55.46667,35.86667,"[55, 35]"
Botschetschki,5117,Valid,L4,,1823-01-01T00:00:00.000,51.33333,33.88333,"[51, 33]"
Boumdeid (2003),57168,Valid,L6,,2003-01-01T00:00:00.000,17.71067,-11.3715,"[17, -11]"
Boumdeid (2011),57167,Valid,L6,,2011-01-01T00:00:00.000,17.17493,-11.34133,"[17, -11]"
Bovedy,5121,Valid,L3,,1969-01-01T00:00:00.000,54.56667,-6.33333,"[54, -6]"
Bradford Woods,5128,Valid,L,,1886-01-01T00:00:00.000,40.5,-80.08333,"[40, -80]"
Braunau,5133,Valid,"Iron, IIAB",,1847-01-01T00:00:00.000,50.6,16.3,"[50, 16]"
Breitscheid,5134,Valid,H5,,1956-01-01T00:00:00.000,50.66694,8.18361,"[50, 8]"
Bremervörde,5135,Valid,H/L3.9,,1855-01-01T00:00:00.000,53.4,9.1,"[53, 9]"
Brient,5140,Valid,Eucrite-pmict,,1933-01-01T00:00:00.000,52.13333,59.31667,"[52, 59]"
Bruderheim,5156,Valid,L6,,1960-01-01T00:00:00.000,53.9,-112.88333,"[53, -112]"
Bukhara,30448,Valid,CV3,,2001-01-01T00:00:00.000,39.77978,64.60035,"[39, 64]"
Bulls Run,5163,Valid,Iron?,,1964-01-01T00:00:00.000,,,"[None, None]"
Bunburra Rockhole,48653,Valid,Eucrite,,2007-01-01T00:00:00.000,-31.35,129.19,"[-31, 129]"
Bununu,5165,Valid,Howardite,,1942-01-01T00:00:00.000,10.01667,9.58333,"[10, 9]"
Bur-Gheluai,5169,Valid,H5,,1919-01-01T00:00:00.000,5.0,48.0,"[5, 48]"
Burnwell,5175,Valid,H4-an,,1990-01-01T00:00:00.000,37.62194,-82.23722,"[37, -82]"
Bursa,5177,Valid,L6,,1946-01-01T00:00:00.000,40.2,29.23333,"[40, 29]"
Buschhof,5178,Valid,L6,,1863-01-01T00:00:00.000,46.45,25.78333,"[46, 25]"
Bustee,5181,Valid,Aubrite,,1852-01-01T00:00:00.000,26.78333,82.83333,"[26, 82]"
Butsura,5183,Valid,H6,,1861-01-01T00:00:00.000,27.08333,84.08333,"[27, 84]"
Buzzard Coulee,48654,Valid,H4,,2008-01-01T00:00:00.000,52.996,-109.84817,"[52, -109]"
Cabezo de Mayo,5185,Valid,L/LL6,,1870-01-01T00:00:00.000,37.98333,-1.16667,"[37, -1]"
Cabin Creek,5186,Valid,"Iron, IIIAB",,1886-01-01T00:00:00.000,35.5,-93.5,"[35, -93]"
Cacak,5187,Valid,OC,,1919-01-01T00:00:00.000,43.83889,20.33333,"[43, 20]"
Cali,45976,Valid,H/L4,,2007-01-01T00:00:00.000,3.405,-76.51,"[3, -76]"
Calivo,5200,Valid,Stone-uncl,,1916-01-01T00:00:00.000,11.75,122.33333,"[11, 122]"
Campos Sales,5249,Valid,L5,,1991-01-01T00:00:00.000,-7.03333,-40.16667,"[-7, -40]"
Çanakkale,5250,Valid,L6,,1964-01-01T00:00:00.000,39.8,26.6,"[39, 26]"
Cañellas,5251,Valid,H4,,1861-01-01T00:00:00.000,41.25,1.66667,"[41, 1]"
Cangas de Onis,5252,Valid,H5,,1866-01-01T00:00:00.000,43.38333,-5.15,"[43, -5]"
Canon City,5253,Valid,H6,,1973-01-01T00:00:00.000,38.47028,-105.24139,"[38, -105]"
Cape Girardeau,5260,Valid,H6,,1846-01-01T00:00:00.000,37.26667,-89.58333,"[37, -89]"
Capilla del Monte,5264,Valid,H6,,1934-01-01T00:00:00.000,-30.88333,-64.55,"[-30, -64]"
Carancas,45817,Valid,H4-5,,2007-01-01T00:00:00.000,-16.66444,-69.04389,"[-16, -69]"
Caratash,5265,Valid,LL6,,1902-01-01T00:00:00.000,38.5,27.0,"[38, 27]"
Castalia,5291,Valid,H5,,1874-01-01T00:00:00.000,36.08333,-78.06667,"[36, -78]"
Castel Berardenga,5292,Valid,Stone-uncl,,1791-01-01T00:00:00.000,43.35,11.5,"[43, 11]"
Castine,5293,Valid,L6,,1848-01-01T00:00:00.000,44.38333,-68.75,"[44, -68]"
Castrovillari,5295,Valid,Stone-uncl,,1583-01-01T00:00:00.000,39.8,16.2,"[39, 16]"
Caswell County,5296,Valid,OC,,1810-01-01T00:00:00.000,36.5,-79.25,"[36, -79]"
Ceniceros,5306,Valid,L3.7,,1988-01-01T00:00:00.000,26.46667,-105.23333,"[26, -105]"
Centerville,5307,Valid,H5,,1956-01-01T00:00:00.000,43.2,-96.91667,"[43, -96]"
Cereseto,5308,Valid,H5,,1840-01-01T00:00:00.000,45.08333,8.3,"[45, 8]"
Chadong,5313,Valid,L6,,1998-01-01T00:00:00.000,28.53333,109.31667,"[28, 109]"
Chail,5314,Valid,H6,,1814-01-01T00:00:00.000,25.36667,81.66667,"[25, 81]"
Chainpur,5315,Valid,LL3.4,,1907-01-01T00:00:00.000,25.85,83.48333,"[25, 83]"
Chajari,5316,Valid,L5,,1933-01-01T00:00:00.000,-30.78333,-58.05,"[-30, -58]"
Chandakapur,5320,Valid,L5,,1838-01-01T00:00:00.000,20.26667,76.01667,"[20, 76]"
Chandpur,5321,Valid,L6,,1885-01-01T00:00:00.000,27.28333,79.05,"[27, 79]"
Changde,5322,Valid,H5,,1977-01-01T00:00:00.000,29.08333,111.75,"[29, 111]"
Chantonnay,5325,Valid,L6,,1812-01-01T00:00:00.000,46.68333,1.05,"[46, 1]"
Charlotte,5328,Valid,"Iron, IVA",,1835-01-01T00:00:00.000,36.16667,-87.33333,"[36, -87]"
Charsonville,5329,Valid,H6,,1810-01-01T00:00:00.000,47.93333,1.56667,"[47, 1]"
Charwallas,5330,Valid,H6,,1834-01-01T00:00:00.000,29.48333,75.5,"[29, 75]"
Chassigny,5331,Valid,Martian (chassignite),,1815-01-01T00:00:00.000,47.71667,5.36667,"[47, 5]"
Château-Renard,5332,Valid,L6,,1841-01-01T00:00:00.000,47.93333,2.91667,"[47, 2]"
Chaves,5334,Valid,Howardite,,1925-01-01T00:00:00.000,41.93333,-7.46667,"[41, -7]"
Chela,5338,Valid,H4,,1988-01-01T00:00:00.000,-3.66667,32.5,"[-3, 32]"
Chelyabinsk,57165,Valid,LL5,,2013-01-01T00:00:00.000,54.81667,61.11667,"[54, 61]"
Chergach ,47347,Valid,H5,,2007-01-01T00:00:00.000,23.69639,-5.01472,"[23, -5]"
Chernyi Bor,5339,Valid,H4,,1964-01-01T00:00:00.000,53.7,30.1,"[53, 30]"
Cherokee Springs,5340,Valid,LL6,,1933-01-01T00:00:00.000,35.03333,-81.88333,"[35, -81]"
Chervettaz,5341,Valid,L5,,1901-01-01T00:00:00.000,46.55,6.81667,"[46, 6]"
Chervony Kut,5342,Valid,Eucrite-mmict,,1939-01-01T00:00:00.000,50.83333,34.0,"[50, 34]"
Chetrinahatti,5344,Valid,Stone-uncl,,1880-01-01T00:00:00.000,14.5,76.5,"[14, 76]"
Chiang Khan,5345,Valid,H6,,1981-01-01T00:00:00.000,17.9,101.63333,"[17, 101]"
Chicora,5349,Valid,LL6,,1938-01-01T00:00:00.000,40.93333,-79.73333,"[40, -79]"
Chisenga,5355,Valid,"Iron, IIIAB",,1988-01-01T00:00:00.000,-10.05944,33.395,"[-10, 33]"
Chitado,5356,Valid,L6,,1966-01-01T00:00:00.000,-17.35,13.96667,"[-17, 13]"
Chitenay,5357,Valid,L6,,1978-01-01T00:00:00.000,47.47083,0.97667,"[47, 0]"
Cilimus,5364,Valid,L5,,1979-01-01T00:00:00.000,-6.95,108.1,"[-6, 108]"
Claxton,5374,Valid,L6,,1984-01-01T00:00:00.000,32.1025,-81.87278,"[32, -81]"
Clohars,5383,Valid,L4,,1822-01-01T00:00:00.000,,,"[None, None]"
Colby (Wisconsin),5395,Valid,L6,,1917-01-01T00:00:00.000,44.9,-90.28333,"[44, -90]"
Cold Bokkeveld,5397,Valid,CM2,,1838-01-01T00:00:00.000,-33.13333,19.38333,"[-33, 19]"
Coleman,5401,Valid,L6,,1994-01-01T00:00:00.000,43.76111,-84.50778,"[43, -84]"
Collescipoli,5403,Valid,H5,,1890-01-01T00:00:00.000,42.53333,12.61667,"[42, 12]"
Conquista,5418,Valid,H4,,1965-01-01T00:00:00.000,-19.85,-47.55,"[-19, -47]"
Cosina,5451,Valid,H5,,1844-01-01T00:00:00.000,21.16667,-100.86667,"[21, -100]"
Cranganore,5465,Valid,L6,,1917-01-01T00:00:00.000,10.2,76.26667,"[10, 76]"
Crescent,5470,Valid,CM2,,1936-01-01T00:00:00.000,35.95,-97.58333,"[35, -97]"
Cronstad,5474,Valid,H5,,1877-01-01T00:00:00.000,-27.7,27.3,"[-27, 27]"
Cross Roads,5476,Valid,H5,,1892-01-01T00:00:00.000,35.63333,-78.13333,"[35, -78]"
Crumlin,5477,Valid,L5,,1902-01-01T00:00:00.000,54.61667,-6.21667,"[54, -6]"
Cumberland Falls,5496,Valid,Aubrite,,1919-01-01T00:00:00.000,36.83333,-84.35,"[36, -84]"
Cynthiana,5500,Valid,L/LL4,,1877-01-01T00:00:00.000,38.4,-84.25,"[38, -84]"
Dahmani,5504,Valid,LL6,,1981-01-01T00:00:00.000,35.61667,8.83333,"[35, 8]"
Dandapur,5511,Valid,L6,,1878-01-01T00:00:00.000,26.91667,83.96667,"[26, 83]"
Daniel's Kuil,5513,Valid,EL6,,1868-01-01T00:00:00.000,-28.2,24.56667,"[-28, 24]"
Danville,5514,Valid,L6,,1868-01-01T00:00:00.000,34.4,-87.06667,"[34, -87]"
Darmstadt,6603,Valid,H5,,1804-01-01T00:00:00.000,49.86667,8.65,"[49, 8]"
Dashoguz,6604,Valid,H5,,1998-01-01T00:00:00.000,41.98444,59.685,"[41, 59]"
Daule,51559,Valid,L5,,2008-01-01T00:00:00.000,-1.87089,-79.95756,"[-1, -79]"
De Cewsville,6621,Valid,H6,,1887-01-01T00:00:00.000,43.0,-80.0,"[43, -80]"
Deal,6634,Valid,L6,,1829-01-01T00:00:00.000,40.25,-74.0,"[40, -74]"
Delhi,6642,Valid,L5,,1897-01-01T00:00:00.000,28.56667,77.25,"[28, 77]"
Demina,6649,Valid,L6,,1911-01-01T00:00:00.000,51.46667,84.76667,"[51, 84]"
Denver,6660,Valid,L6,,1967-01-01T00:00:00.000,39.7825,-104.93056,"[39, -104]"
Dergaon,6664,Valid,H5,,2001-01-01T00:00:00.000,26.68333,93.86667,"[26, 93]"
Desuri,6693,Valid,H6,,1962-01-01T00:00:00.000,25.73333,73.61667,"[25, 73]"
Devgaon,6694,Valid,H3.8,,2001-01-01T00:00:00.000,19.0,81.0,"[19, 81]"
Devri-Khera,6696,Valid,L6,,1994-01-01T00:00:00.000,24.225,76.525,"[24, 76]"
Dhajala,6698,Valid,H3.8,,1976-01-01T00:00:00.000,22.37778,71.42722,"[22, 71]"
Dharwar,6699,Valid,OC,,1848-01-01T00:00:00.000,14.88333,75.6,"[14, 75]"
Dhurmsala,7640,Valid,LL6,,1860-01-01T00:00:00.000,32.23333,76.46667,"[32, 76]"
Didim,47350,Valid,H3-5,,2007-01-01T00:00:00.000,37.35172,27.32997,"[37, 27]"
Diep River,7642,Valid,L6,,1906-01-01T00:00:00.000,-33.75,18.56667,"[-33, 18]"
Distrito Quebracho,7649,Valid,H4,,1957-01-01T00:00:00.000,-31.88333,-60.46667,"[-31, -60]"
Djati-Pengilon,7652,Valid,H6,,1884-01-01T00:00:00.000,-7.5,111.5,"[-7, 111]"
Djermaia,7656,Valid,H,,1961-01-01T00:00:00.000,12.73333,15.05,"[12, 15]"
Djoumine,7657,Valid,H5-6,,1999-01-01T00:00:00.000,36.95,9.55,"[36, 9]"
Dokachi,7658,Valid,H5,,1903-01-01T00:00:00.000,23.5,90.33333,"[23, 90]"
Dolgovoli,7659,Valid,L6,,1864-01-01T00:00:00.000,50.75,25.3,"[50, 25]"
Domanitch,7661,Valid,L5,,1907-01-01T00:00:00.000,40.0,29.0,"[40, 29]"
Dong Ujimqin Qi,7706,Valid,Mesosiderite,,1995-01-01T00:00:00.000,45.5,119.03333,"[45, 119]"
Donga Kohrod,7707,Valid,H6,,1899-01-01T00:00:00.000,21.86667,82.45,"[21, 82]"
Dongtai,7708,Valid,LL6,,1970-01-01T00:00:00.000,32.91667,120.78333,"[32, 120]"
Doroninsk,7718,Valid,H5-7,,1805-01-01T00:00:00.000,51.2,112.3,"[51, 112]"
Dosso,7722,Valid,L6,,1962-01-01T00:00:00.000,13.05,3.16667,"[13, 3]"
Douar Mghila,7723,Valid,LL6,,1932-01-01T00:00:00.000,32.33333,-6.3,"[32, -6]"
Dowa,7725,Valid,Stone-uncl,,1976-01-01T00:00:00.000,-13.66667,33.91667,"[-13, 33]"
Drake Creek,7728,Valid,L6,,1827-01-01T00:00:00.000,36.4,-86.5,"[36, -86]"
Dresden (Ontario),7731,Valid,H6,,1939-01-01T00:00:00.000,42.52,-82.26,"[42, -82]"
Dubrovnik,7736,Valid,L3-6,,1951-01-01T00:00:00.000,42.45833,18.44167,"[42, 18]"
Dunbogan,7743,Valid,L6,,1999-01-01T00:00:00.000,-31.66667,152.83333,"[-31, 152]"
Dundrum,7745,Valid,H5,,1865-01-01T00:00:00.000,52.55,-8.03333,"[52, -8]"
Dunhua,7749,Valid,Stone-uncl,,1976-01-01T00:00:00.000,43.33333,128.25,"[43, 128]"
Durala,7750,Valid,L6,,1815-01-01T00:00:00.000,30.3,76.63333,"[30, 76]"
Duruma,7752,Valid,L6,,1853-01-01T00:00:00.000,-4.0,39.5,"[-4, 39]"
Duwun,7754,Valid,L6,,1943-01-01T00:00:00.000,33.43333,127.26667,"[33, 127]"
Dwaleni,7755,Valid,H4-6,,1970-01-01T00:00:00.000,-27.2,31.31667,"[-27, 31]"
Dyalpur,7757,Valid,Ureilite,,1872-01-01T00:00:00.000,26.25,82.0,"[26, 82]"
Dyarrl Island,7758,Valid,Mesosiderite-A1,,1933-01-01T00:00:00.000,-3.0,151.0,"[-3, 151]"
Eagle,7760,Valid,EL6,,1947-01-01T00:00:00.000,40.78167,-96.47167,"[40, -96]"
Ehole,7774,Valid,H5,,1961-01-01T00:00:00.000,-17.3,15.83333,"[-17, 15]"
Eichstädt,7775,Valid,H5,,1785-01-01T00:00:00.000,48.9,11.21667,"[48, 11]"
Ekeby,7776,Valid,H4,,1939-01-01T00:00:00.000,56.03333,13.0,"[56, 13]"
Ekh Khera,7777,Valid,H6,,1916-01-01T00:00:00.000,28.26667,78.78333,"[28, 78]"
El Idrissia,7807,Valid,L6,,1989-01-01T00:00:00.000,34.41667,3.25,"[34, 3]"
El Paso de Aguila,45977,Valid,H5,,1977-01-01T00:00:00.000,25.37,-97.37,"[25, -97]"
El Tigre,7819,Valid,L6,,1993-01-01T00:00:00.000,19.96722,-103.05167,"[19, -103]"
Elbert,7822,Valid,LL6,,1998-01-01T00:00:00.000,39.24667,-104.58817,"[39, -104]"
Elbogen,7823,Valid,"Iron, IID",,1400-01-01T00:00:00.000,50.18333,12.73333,"[50, 12]"
Elenovka,7824,Valid,L5,,1951-01-01T00:00:00.000,47.83333,37.66667,"[47, 37]"
Ellemeet,10019,Valid,Diogenite,,1925-01-01T00:00:00.000,51.75,4.0,"[51, 4]"
Emmaville,10033,Valid,Eucrite-mmict,,1900-01-01T00:00:00.000,-29.46667,151.61667,"[-29, 151]"
Enshi,10038,Valid,H5,,1974-01-01T00:00:00.000,30.3,109.5,"[30, 109]"
Ensisheim,10039,Valid,LL6,,1492-01-01T00:00:00.000,47.86667,7.35,"[47, 7]"
Épinal,10041,Valid,H5,,1822-01-01T00:00:00.000,48.18333,6.46667,"[48, 6]"
Erakot,10042,Valid,CM2,,1940-01-01T00:00:00.000,19.03333,81.89167,"[19, 81]"
Erevan,10043,Valid,Howardite,,1911-01-01T00:00:00.000,40.3,44.5,"[40, 44]"
Ergheo,10044,Valid,L5,,1889-01-01T00:00:00.000,1.16667,44.16667,"[1, 44]"
Erxleben,10049,Valid,H6,,1812-01-01T00:00:00.000,52.21667,11.25,"[52, 11]"
Esnandes,10051,Valid,L6,,1837-01-01T00:00:00.000,46.25,-1.1,"[46, -1]"
Essebi,10055,Valid,C2-ung,,1957-01-01T00:00:00.000,2.88333,30.83333,"[2, 30]"
Estherville,10059,Valid,Mesosiderite-A3/4,,1879-01-01T00:00:00.000,43.41667,-94.83333,"[43, -94]"
Farmington,10074,Valid,L5,,1890-01-01T00:00:00.000,39.75,-97.03333,"[39, -97]"
Farmville,10075,Valid,H4,,1934-01-01T00:00:00.000,35.55,-77.53333,"[35, -77]"
Favars,10078,Valid,H5,,1844-01-01T00:00:00.000,44.38333,2.81667,"[44, 2]"
Fayetteville,10079,Valid,H4,,1934-01-01T00:00:00.000,36.05,-94.16667,"[36, -94]"
Feid Chair,10080,Valid,H4,,1875-01-01T00:00:00.000,36.88333,8.45,"[36, 8]"
Felix,10081,Valid,CO3.3,,1900-01-01T00:00:00.000,32.53333,-87.16667,"[32, -87]"
Fenghsien-Ku,10086,Valid,H5,,1924-01-01T00:00:00.000,34.6,116.75,"[34, 116]"
Ferguson,10088,Valid,OC,,1889-01-01T00:00:00.000,36.1,-81.41667,"[36, -81]"
Fermo,10091,Valid,H3-5,,1996-01-01T00:00:00.000,43.18111,13.75333,"[43, 13]"
Fisher,10107,Valid,L6,,1894-01-01T00:00:00.000,47.81667,-96.85,"[47, -96]"
Florence,10111,Valid,H3,,1922-01-01T00:00:00.000,30.83333,-97.76667,"[30, -97]"
Forest City,10119,Valid,H5,,1890-01-01T00:00:00.000,43.25,-93.66667,"[43, -93]"
Forest Vale,10120,Valid,H4,,1942-01-01T00:00:00.000,-33.35,146.85833,"[-33, 146]"
Forksville,10123,Valid,L6,,1924-01-01T00:00:00.000,36.78333,-78.08333,"[36, -78]"
Forsbach,10163,Valid,H6,,1900-01-01T00:00:00.000,50.95,7.31667,"[50, 7]"
Forsyth,10164,Valid,L6,,1829-01-01T00:00:00.000,33.01667,-83.96667,"[33, -83]"
Fort Flatters,10166,Valid,Stone-uncl,,1944-01-01T00:00:00.000,28.25,7.0,"[28, 7]"
Frankfort (stone),10177,Valid,Howardite,,1868-01-01T00:00:00.000,34.48333,-87.83333,"[34, -87]"
Fuhe,52412,Valid,L5,,1945-01-01T00:00:00.000,31.47556,113.56694,"[31, 113]"
Fukutomi,10836,Valid,L5,,1882-01-01T00:00:00.000,33.18333,130.2,"[33, 130]"
Fünen,10838,Valid,Stone-uncl,,1654-01-01T00:00:00.000,55.33333,10.33333,"[55, 10]"
Futtehpur,10839,Valid,L6,,1822-01-01T00:00:00.000,25.95,80.81667,"[25, 80]"
Fuyang,10840,Valid,Stone-uncl,,1977-01-01T00:00:00.000,32.9,115.9,"[32, 115]"
Galapian,10846,Valid,H6,,1826-01-01T00:00:00.000,44.3,0.4,"[44, 0]"
Galim (a),10848,Valid,LL6,,1952-01-01T00:00:00.000,7.05,12.43333,"[7, 12]"
Galim (b),10849,Valid,EH3/4-an,,1952-01-01T00:00:00.000,7.05,12.43333,"[7, 12]"
Galkiv,10850,Valid,H4,,1995-01-01T00:00:00.000,51.68333,30.78333,"[51, 30]"
Gambat,10851,Valid,L6,,1897-01-01T00:00:00.000,27.35,68.53333,"[27, 68]"
Gao-Guenie,10854,Valid,H5,,1960-01-01T00:00:00.000,11.65,-2.18333,"[11, -2]"
Garhi Yasin,10860,Valid,"Iron, IIE",,1917-01-01T00:00:00.000,27.88333,68.53333,"[27, 68]"
Garland,10861,Valid,Diogenite-pm,,1950-01-01T00:00:00.000,41.68333,-112.13333,"[41, -112]"
Gashua,44882,Valid,L6,,1984-01-01T00:00:00.000,12.85,11.03333,"[12, 11]"
Gasseltepaoua,10866,Valid,H5,,2000-01-01T00:00:00.000,14.15083,-2.04167,"[14, -2]"
Geidam,10870,Valid,H5,,1950-01-01T00:00:00.000,12.91667,11.91667,"[12, 11]"
Gifu,10914,Valid,L6,,1909-01-01T00:00:00.000,35.53333,136.88333,"[35, 136]"
Girgenti,10917,Valid,L6,,1853-01-01T00:00:00.000,37.31667,13.56667,"[37, 13]"
Git-Git,10919,Valid,L6,,1947-01-01T00:00:00.000,9.6,9.91667,"[9, 9]"
Glanerbrug,10923,Valid,L/LL5,,1990-01-01T00:00:00.000,52.2,6.86667,"[52, 6]"
Glanggang,10924,Valid,H5-6,,1939-01-01T00:00:00.000,-7.25,107.7,"[-7, 107]"
Glasatovo,10926,Valid,H4,,1918-01-01T00:00:00.000,57.35,37.61667,"[57, 37]"
Glatton,10930,Valid,L6,,1991-01-01T00:00:00.000,52.45972,-0.3,"[52, 0]"
Gnadenfrei,10936,Valid,H5,,1879-01-01T00:00:00.000,50.66667,16.76667,"[50, 16]"
Gopalpur,10948,Valid,H6,,1865-01-01T00:00:00.000,24.23333,89.05,"[24, 89]"
Gorlovka,10949,Valid,H3.7,,1974-01-01T00:00:00.000,48.28333,38.08333,"[48, 38]"
Granes,10956,Valid,L6,,1964-01-01T00:00:00.000,42.9,2.25,"[42, 2]"
Grefsheim,11196,Valid,L5,,1976-01-01T00:00:00.000,60.66667,11.0,"[60, 11]"
Grimsby,50911,Valid,H5,,2009-01-01T00:00:00.000,43.2,-79.61667,"[43, -79]"
Grosnaja,11206,Valid,CV3,,1861-01-01T00:00:00.000,43.66667,45.38333,"[43, 45]"
Gross-Divina,11207,Valid,H5,,1837-01-01T00:00:00.000,49.26667,18.71667,"[49, 18]"
Grossliebenthal,11208,Valid,L6,,1881-01-01T00:00:00.000,46.35,30.58333,"[46, 30]"
Grüneberg,11426,Valid,H4,,1841-01-01T00:00:00.000,51.93333,15.5,"[51, 15]"
Grzempach,11429,Valid,H5,,1910-01-01T00:00:00.000,52.86667,16.63333,"[52, 16]"
Gualeguaychú,11432,Valid,H6,,1932-01-01T00:00:00.000,-33.0,-58.61667,"[-33, -58]"
Guangmingshan,11435,Valid,H5,,1996-01-01T00:00:00.000,39.80417,122.76389,"[39, 122]"
Guangnan,11436,Valid,L6,,1983-01-01T00:00:00.000,24.1,105.0,"[24, 105]"
Guangrao,11437,Valid,L6,,1980-01-01T00:00:00.000,37.1,118.4,"[37, 118]"
Guareña,11439,Valid,H6,,1892-01-01T00:00:00.000,38.73333,-6.01667,"[38, -6]"
Guêa,11440,Valid,Stone-uncl,,1891-01-01T00:00:00.000,43.76667,20.23333,"[43, 20]"
Guibga,11442,Valid,L5,,1972-01-01T00:00:00.000,13.5,-0.68333,"[13, 0]"
Guidder,11443,Valid,LL5,,1949-01-01T00:00:00.000,9.91667,13.98333,"[9, 13]"
Gujargaon,11448,Valid,H5,,1982-01-01T00:00:00.000,22.98333,76.05,"[22, 76]"
Gujba,11449,Valid,CBa,,1984-01-01T00:00:00.000,11.49167,11.65833,"[11, 11]"
Gumoschnik,11450,Valid,H5,,1904-01-01T00:00:00.000,42.9,24.7,"[42, 24]"
Gurram Konda,11464,Valid,L6,,1814-01-01T00:00:00.000,13.78333,78.56667,"[13, 78]"
Gursum,11465,Valid,H4/5,,1981-01-01T00:00:00.000,9.36667,42.41667,"[9, 42]"
Gütersloh,11466,Valid,H3/4,,1851-01-01T00:00:00.000,51.91667,8.38333,"[51, 8]"
Gyokukei,11467,Valid,OC,,1930-01-01T00:00:00.000,35.0,127.5,"[35, 127]"
Hachi-oji,11468,Valid,H?,,1817-01-01T00:00:00.000,35.65,139.33333,"[35, 139]"
Hainaut,11472,Valid,H3-6,,1934-01-01T00:00:00.000,50.31667,3.73333,"[50, 3]"
Hallingeberg,11479,Valid,L3.4,,1944-01-01T00:00:00.000,57.81667,16.23333,"[57, 16]"
Hamlet,11485,Valid,LL4,,1959-01-01T00:00:00.000,41.38333,-86.6,"[41, -86]"
Haraiya,11824,Valid,Eucrite-mmict,,1878-01-01T00:00:00.000,26.8,82.53333,"[26, 82]"
Haripura,11829,Valid,CM2,,1921-01-01T00:00:00.000,28.38333,75.78333,"[28, 75]"
Harleton,11830,Valid,L6,,1961-01-01T00:00:00.000,32.675,-94.51167,"[32, -94]"
Harrison County,11842,Valid,L6,,1859-01-01T00:00:00.000,38.25,-86.16667,"[38, -86]"
Hashima,11848,Valid,H4,,1910-01-01T00:00:00.000,35.2945,136.70033,"[35, 136]"
Hassi-Jekna,11852,Valid,"Iron, IAB-sHL",,1890-01-01T00:00:00.000,28.95,0.81667,"[28, 0]"
Hatford,11855,Valid,Stone-uncl,,1628-01-01T00:00:00.000,51.65,-1.51667,"[51, -1]"
Haverö,11859,Valid,Ureilite,,1971-01-01T00:00:00.000,60.24556,22.06194,"[60, 22]"
Hedeskoga,11869,Valid,H5,,1922-01-01T00:00:00.000,55.46667,13.78333,"[55, 13]"
Hedjaz,11870,Valid,L3.7-6,,1910-01-01T00:00:00.000,27.33333,35.66667,"[27, 35]"
Heredia,11875,Valid,H5,,1857-01-01T00:00:00.000,10.0,-84.1,"[10, -84]"
Hessle,11878,Valid,H5,,1869-01-01T00:00:00.000,59.85,17.66667,"[59, 17]"
Higashi-koen,11883,Valid,H5,,1897-01-01T00:00:00.000,33.6,130.43333,"[33, 130]"
High Possil,11884,Valid,L6,,1804-01-01T00:00:00.000,55.9,-4.23333,"[55, -4]"
Hiroshima,11889,Valid,H5,,2003-01-01T00:00:00.000,34.45,132.38333,"[34, 132]"
Hoima,44714,Valid,H6,,2003-01-01T00:00:00.000,1.345,31.47278,"[1, 31]"
Hökmark,11893,Valid,L4,,1954-01-01T00:00:00.000,64.43333,21.2,"[64, 21]"
Holbrook,11894,Valid,L/LL6,,1912-01-01T00:00:00.000,34.9,-110.18333,"[34, -110]"
Holetta,11895,Valid,Stone-uncl,,1923-01-01T00:00:00.000,9.06667,38.41667,"[9, 38]"
Homestead,11901,Valid,L5,,1875-01-01T00:00:00.000,41.8,-91.86667,"[41, -91]"
Honolulu,11904,Valid,L5,,1825-01-01T00:00:00.000,21.3,-157.86667,"[21, -157]"
Hotse,11913,Valid,L6,,1956-01-01T00:00:00.000,35.66667,115.5,"[35, 115]"
Hoxie,11915,Valid,OC,,1963-01-01T00:00:00.000,39.35,-100.45,"[39, -100]"
Hraschina,11916,Valid,"Iron, IID",,1751-01-01T00:00:00.000,46.1,16.33333,"[46, 16]"
Huaxi,54719,Valid,H5,,2010-01-01T00:00:00.000,26.46469,106.63241,"[26, 106]"
Hungen,11986,Valid,H6,,1877-01-01T00:00:00.000,50.3,8.91667,"[50, 8]"
Hvittis,11989,Valid,EL6,,1901-01-01T00:00:00.000,61.18333,22.68333,"[61, 22]"
Ibbenbüren,11992,Valid,Diogenite,,1870-01-01T00:00:00.000,52.28333,7.7,"[52, 7]"
Ibitira,11993,Valid,Eucrite-mmict,,1957-01-01T00:00:00.000,-20.0,-45.0,"[-20, -45]"
Ibrisim,11994,Valid,OC,,1949-01-01T00:00:00.000,38.0,35.0,"[38, 35]"
Ichkala,11995,Valid,H6,,1936-01-01T00:00:00.000,58.2,82.93333,"[58, 82]"
Idutywa,12000,Valid,H5,,1956-01-01T00:00:00.000,-32.1,28.33333,"[-32, 28]"
Iguaracu,12003,Valid,H5,,1977-01-01T00:00:00.000,-23.2,-51.83333,"[-23, -51]"
Ijopega,12004,Valid,H6,,1975-01-01T00:00:00.000,-6.03333,145.36667,"[-6, 145]"
Indarch,12027,Valid,EH4,,1891-01-01T00:00:00.000,39.75,46.66667,"[39, 46]"
Independence,12028,Valid,L6,,1917-01-01T00:00:00.000,39.08333,-94.4,"[39, -94]"
Inner Mongolia,12037,Valid,L6,,1963-01-01T00:00:00.000,41.0,112.0,"[41, 112]"
Innisfree,12039,Valid,L5,,1977-01-01T00:00:00.000,53.415,-111.3375,"[53, -111]"
Ipiranga,12043,Valid,H6,,1972-01-01T00:00:00.000,-25.5,-54.5,"[-25, -54]"
Ishinga,12049,Valid,H,,1954-01-01T00:00:00.000,-8.93333,33.8,"[-8, 33]"
Isthilart,12053,Valid,H5,,1928-01-01T00:00:00.000,-31.18333,-57.95,"[-31, -57]"
Itapicuru-Mirim,12056,Valid,H5,,1879-01-01T00:00:00.000,-3.4,-44.33333,"[-3, -44]"
Itqiy,12058,Valid,EH7-an,,1990-01-01T00:00:00.000,26.59083,-12.95217,"[26, -12]"
Ivuna,12063,Valid,CI1,,1938-01-01T00:00:00.000,-8.41667,32.43333,"[-8, 32]"
Jackalsfontein,12065,Valid,L6,,1903-01-01T00:00:00.000,-32.5,21.9,"[-32, 21]"
Jajh deh Kot Lalu,12067,Valid,EL6,,1926-01-01T00:00:00.000,26.75,68.41667,"[26, 68]"
Jalanash,12068,Valid,Ureilite,,1990-01-01T00:00:00.000,,,"[None, None]"
Jalandhar,12069,Valid,Iron,,1621-01-01T00:00:00.000,31.0,75.0,"[31, 75]"
Jamkheir,12072,Valid,H6,,1866-01-01T00:00:00.000,18.75,75.33333,"[18, 75]"
Jartai,12074,Valid,L6,,1979-01-01T00:00:00.000,39.7,105.8,"[39, 105]"
Jelica,12078,Valid,LL6,,1889-01-01T00:00:00.000,43.83333,20.44167,"[43, 20]"
Jemlapur,12079,Valid,L6,,1901-01-01T00:00:00.000,,,"[None, None]"
Jesenice,51589,Valid,L6,,2009-01-01T00:00:00.000,46.42137,14.05217,"[46, 14]"
Jhung,12085,Valid,L5,,1873-01-01T00:00:00.000,31.3,72.38333,"[31, 72]"
Jiange,12086,Valid,H5,,1964-01-01T00:00:00.000,31.91667,104.91667,"[31, 104]"
Jianshi,12087,Valid,"Iron, IIIAB",,1890-01-01T00:00:00.000,30.80833,109.5,"[30, 109]"
Jilin,12171,Valid,H5,,1976-01-01T00:00:00.000,44.05,126.16667,"[44, 126]"
Jodiya,47362,Valid,L5,,2006-01-01T00:00:00.000,22.68,70.31333,"[22, 70]"
Jodzie,12173,Valid,Howardite,,1877-01-01T00:00:00.000,55.7,24.4,"[55, 24]"
Johnstown,12198,Valid,Diogenite,,1924-01-01T00:00:00.000,40.35,-104.9,"[40, -104]"
Jolomba,12199,Valid,LL6,,1974-01-01T00:00:00.000,-11.85,15.83333,"[-11, 15]"
Jonzac,12202,Valid,Eucrite-mmict,,1819-01-01T00:00:00.000,45.43333,-0.45,"[45, 0]"
Juancheng,12203,Valid,H5,,1997-01-01T00:00:00.000,35.5,115.41667,"[35, 115]"
Judesegeri,12207,Valid,H6,,1876-01-01T00:00:00.000,12.85,76.8,"[12, 76]"
Jumapalo,12209,Valid,L6,,1984-01-01T00:00:00.000,-7.71667,111.2,"[-7, 111]"
Junan,12210,Valid,L6,,1976-01-01T00:00:00.000,35.2,118.8,"[35, 118]"
Juromenha,12213,Valid,"Iron, IIIAB",,1968-01-01T00:00:00.000,38.74028,-7.27,"[38, -7]"
Juvinas,12214,Valid,Eucrite-mmict,,1821-01-01T00:00:00.000,44.71667,4.3,"[44, 4]"
Kaba,12218,Valid,CV3,,1857-01-01T00:00:00.000,47.35,21.3,"[47, 21]"
Kabo,12220,Valid,H4,,1971-01-01T00:00:00.000,11.85,8.21667,"[11, 8]"
Kadonah,12221,Valid,H6,,1822-01-01T00:00:00.000,27.08333,78.33333,"[27, 78]"
Kaee,12222,Valid,H5,,1838-01-01T00:00:00.000,27.25,79.96667,"[27, 79]"
Kagarlyk,12227,Valid,L6,,1908-01-01T00:00:00.000,49.86667,30.83333,"[49, 30]"
Kaidun,12228,Valid,CR2,,1980-01-01T00:00:00.000,15.0,48.3,"[15, 48]"
Kainsaz,12229,Valid,CO3.2,,1937-01-01T00:00:00.000,55.43333,53.25,"[55, 53]"
Kakangari,12230,Valid,K3,,1890-01-01T00:00:00.000,12.38333,78.51667,"[12, 78]"
Kakowa,12231,Valid,L6,,1858-01-01T00:00:00.000,45.13333,21.66667,"[45, 21]"
Kalaba,12232,Valid,H4,,1951-01-01T00:00:00.000,-6.83333,29.5,"[-6, 29]"
Kalumbi,12236,Valid,L6,,1879-01-01T00:00:00.000,17.83333,73.98333,"[17, 73]"
Kamalpur,12238,Valid,L6,,1942-01-01T00:00:00.000,26.03333,81.46667,"[26, 81]"
Kamiomi,12240,Valid,H5,,1913-01-01T00:00:00.000,36.04167,139.95667,"[36, 139]"
Kamsagar,12241,Valid,L6,,1902-01-01T00:00:00.000,14.18333,75.8,"[14, 75]"
Kandahar (Afghanistan),12243,Valid,L6,,1959-01-01T00:00:00.000,31.6,65.78333,"[31, 65]"
Kangean,12245,Valid,H5,,1908-01-01T00:00:00.000,-7.0,115.5,"[-7, 115]"
Kangra Valley,12246,Valid,H5,,1897-01-01T00:00:00.000,32.08333,76.3,"[32, 76]"
Kapoeta,12251,Valid,Howardite,,1942-01-01T00:00:00.000,4.7,33.63333,"[4, 33]"
Kaprada,47357,Valid,L5/6,,2004-01-01T00:00:00.000,20.33916,73.22329,"[20, 73]"
Kaptal-Aryk,12253,Valid,L6,,1937-01-01T00:00:00.000,42.45,73.36667,"[42, 73]"
Karakol,12256,Valid,LL6,,1840-01-01T00:00:00.000,47.21667,81.01667,"[47, 81]"
Karatu,12258,Valid,LL6,,1963-01-01T00:00:00.000,-3.5,35.58333,"[-3, 35]"
Karewar,12260,Valid,L6,,1949-01-01T00:00:00.000,12.9,7.15,"[12, 7]"
Karkh,12262,Valid,L6,,1905-01-01T00:00:00.000,27.8,67.16667,"[27, 67]"
Karloowala,12263,Valid,L6,,1955-01-01T00:00:00.000,31.58333,71.6,"[31, 71]"
Karoonda,12264,Valid,CK4,,1930-01-01T00:00:00.000,-35.08333,139.91667,"[-35, 139]"
Kasamatsu,12266,Valid,H,,1938-01-01T00:00:00.000,35.36667,136.76667,"[35, 136]"
Kasauli,30740,Valid,H4,,2003-01-01T00:00:00.000,29.58333,77.58333,"[29, 77]"
Katagum,35465,Valid,L6,,1999-01-01T00:00:00.000,11.33333,10.08333,"[11, 10]"
Kavarpura,47351,Valid,"Iron, IIE-an",,2006-01-01T00:00:00.000,25.14333,75.81333,"[25, 75]"
Kayakent,12268,Valid,"Iron, IIIAB",,1961-01-01T00:00:00.000,39.26333,31.78,"[39, 31]"
Kediri,12270,Valid,L4,,1940-01-01T00:00:00.000,-7.75,112.01667,"[-7, 112]"
Kemer,53654,Valid,L4,,2008-01-01T00:00:00.000,36.54194,29.41822,"[36, 29]"
Kendleton,12275,Valid,L4,,1939-01-01T00:00:00.000,29.45,-96.0,"[29, -96]"
Kendrapara,12276,Valid,H4-5,,2003-01-01T00:00:00.000,20.4625,86.70278,"[20, 86]"
Kerilis,12282,Valid,H5,,1874-01-01T00:00:00.000,48.4,-3.3,"[48, -3]"
Kernouve,12284,Valid,H6,,1869-01-01T00:00:00.000,48.11667,-3.08333,"[48, -3]"
Kesen,12286,Valid,H4,,1850-01-01T00:00:00.000,38.98333,141.61667,"[38, 141]"
Khairpur,12288,Valid,EL6,,1873-01-01T00:00:00.000,29.53333,72.3,"[29, 72]"
Khanpur,12289,Valid,LL5,,1932-01-01T00:00:00.000,25.55,83.11667,"[25, 83]"
Kharkov,12291,Valid,L6,,1787-01-01T00:00:00.000,50.625,35.075,"[50, 35]"
Kheragur,12294,Valid,L6,,1860-01-01T00:00:00.000,26.95,77.88333,"[26, 77]"
Khetri,12296,Valid,H6,,1867-01-01T00:00:00.000,28.01667,75.81667,"[28, 75]"
Khmelevka,12297,Valid,L5,,1929-01-01T00:00:00.000,56.75,75.33333,"[56, 75]"
Khohar,12298,Valid,L3.6,,1910-01-01T00:00:00.000,25.1,81.53333,"[25, 81]"
Khor Temiki,12299,Valid,Aubrite,,1932-01-01T00:00:00.000,16.0,36.0,"[16, 36]"
Kidairat,12300,Valid,H6,,1983-01-01T00:00:00.000,14.0,28.0,"[14, 28]"
Kiel,12301,Valid,L6,,1962-01-01T00:00:00.000,54.4,10.15,"[54, 10]"
Kiffa,12303,Valid,H5,,1970-01-01T00:00:00.000,16.58333,-11.33333,"[16, -11]"
Kijima (1906),12305,Valid,Stone-uncl,,1906-01-01T00:00:00.000,36.85,138.38333,"[36, 138]"
Kikino,12306,Valid,H6,,1809-01-01T00:00:00.000,55.0,34.0,"[55, 34]"
Kilabo,12307,Valid,LL6,,2002-01-01T00:00:00.000,12.76667,9.8,"[12, 9]"
Kilbourn,12308,Valid,H5,,1911-01-01T00:00:00.000,43.58333,-89.6,"[43, -89]"
Killeter,12309,Valid,H6,,1844-01-01T00:00:00.000,54.66667,-7.66667,"[54, -7]"
Kingai,12316,Valid,H6,,1967-01-01T00:00:00.000,11.63333,24.68333,"[11, 24]"
Kirbyville,12321,Valid,Eucrite-mmict,,1906-01-01T00:00:00.000,30.75,-95.95,"[30, -95]"
Kisvarsány,12325,Valid,L6,,1914-01-01T00:00:00.000,48.16667,22.30833,"[48, 22]"
Kitchener,12326,Valid,L6,,1998-01-01T00:00:00.000,43.38333,-80.38333,"[43, -80]"
Klein-Wenden,12332,Valid,H6,,1843-01-01T00:00:00.000,51.6,10.8,"[51, 10]"
Knyahinya,12335,Valid,L/LL5,,1866-01-01T00:00:00.000,48.9,22.4,"[48, 22]"
Kobe,12336,Valid,CK4,,1999-01-01T00:00:00.000,34.73333,135.16667,"[34, 135]"
Kokubunji,12342,Valid,L6,,1986-01-01T00:00:00.000,34.3,133.95,"[34, 133]"
Komagome,12343,Valid,Iron,,1926-01-01T00:00:00.000,35.73333,139.75,"[35, 139]"
Konovo,12344,Valid,LL5,,1931-01-01T00:00:00.000,42.51667,26.16667,"[42, 26]"
Košice,53810,Valid,H5,,2010-01-01T00:00:00.000,48.76367,21.17633,"[48, 21]"
Krähenberg,12353,Valid,LL5,,1869-01-01T00:00:00.000,49.32694,7.46472,"[49, 7]"
Krasnoi-Ugol,12355,Valid,L6,,1829-01-01T00:00:00.000,54.03333,40.9,"[54, 40]"
Krasnyi Klyuch,12357,Valid,H5,,1946-01-01T00:00:00.000,54.33333,56.08333,"[54, 56]"
Krutikha,12363,Valid,OC,,1906-01-01T00:00:00.000,56.8,77.0,"[56, 77]"
Krymka,12364,Valid,LL3.2,,1946-01-01T00:00:00.000,47.83333,30.76667,"[47, 30]"
Kukschin,12368,Valid,L6,,1938-01-01T00:00:00.000,51.15,31.7,"[51, 31]"
Kulak,12369,Valid,L5,,1961-01-01T00:00:00.000,30.73111,66.80222,"[30, 66]"
Kuleschovka,12370,Valid,L6,,1811-01-01T00:00:00.000,50.75,33.5,"[50, 33]"
Kulp,12373,Valid,H6,,1906-01-01T00:00:00.000,41.11667,45.0,"[41, 45]"
Kunashak,12377,Valid,L6,,1949-01-01T00:00:00.000,55.78333,61.36667,"[55, 61]"
Kunya-Urgench,12379,Valid,H5,,1998-01-01T00:00:00.000,42.25,59.2,"[42, 59]"
Kushiike,12381,Valid,OC,,1920-01-01T00:00:00.000,37.05,138.38333,"[37, 138]"
Kusiali,12382,Valid,L6,,1860-01-01T00:00:00.000,29.68333,78.38333,"[29, 78]"
Kutais,12383,Valid,H5,,1977-01-01T00:00:00.000,44.51667,39.3,"[44, 39]"
Kuttippuram,12384,Valid,L6,,1914-01-01T00:00:00.000,10.83333,76.03333,"[10, 76]"
Kuznetzovo,12385,Valid,L6,,1932-01-01T00:00:00.000,55.2,75.33333,"[55, 75]"
Kyushu,12390,Valid,L6,,1886-01-01T00:00:00.000,32.03333,130.63333,"[32, 130]"
La Bécasse,12392,Valid,L6,,1879-01-01T00:00:00.000,47.08333,1.75,"[47, 1]"
La Charca,12394,Valid,OC,,1878-01-01T00:00:00.000,20.66667,-101.28333,"[20, -101]"
La Colina,12395,Valid,H5,,1924-01-01T00:00:00.000,-37.33333,-61.53333,"[-37, -61]"
La Criolla,12396,Valid,L6,,1985-01-01T00:00:00.000,-31.23333,-58.16667,"[-31, -58]"
Laborel,12408,Valid,H5,,1871-01-01T00:00:00.000,44.28333,5.58333,"[44, 5]"
Lahrauli,12433,Valid,Ureilite,,1955-01-01T00:00:00.000,26.78333,82.71667,"[26, 82]"
L'Aigle,12434,Valid,L6,,1803-01-01T00:00:00.000,48.76667,0.63333,"[48, 0]"
Cumulus Hills 04075,32531,Valid,Pallasite,,2003-01-01T00:00:00.000,,,"[None, None]"
Lakangaon,12435,Valid,Eucrite-mmict,,1910-01-01T00:00:00.000,21.86667,76.03333,"[21, 76]"
Lalitpur,12451,Valid,L6,,1887-01-01T00:00:00.000,24.45,78.56667,"[24, 78]"
Lancé,12455,Valid,CO3.5,,1872-01-01T00:00:00.000,47.7,1.06667,"[47, 1]"
Lancon,12456,Valid,H6,,1897-01-01T00:00:00.000,43.75,5.11667,"[43, 5]"
Långhalsen,12461,Valid,L6,,1947-01-01T00:00:00.000,58.85,16.73333,"[58, 16]"
Lanxi,12464,Valid,L6,,1986-01-01T00:00:00.000,46.24167,126.19611,"[46, 126]"
Lanzenkirchen,12465,Valid,L4,,1925-01-01T00:00:00.000,47.75,16.23333,"[47, 16]"
Laochenzhen,12466,Valid,H5,,1987-01-01T00:00:00.000,33.13333,115.16667,"[33, 115]"
Launton,12740,Valid,L6,,1830-01-01T00:00:00.000,51.9,-1.11667,"[51, -1]"
Lavrentievka,12743,Valid,L6,,1938-01-01T00:00:00.000,52.45,51.56667,"[52, 51]"
Le Pressoir,12748,Valid,H5,,1845-01-01T00:00:00.000,47.16667,0.43333,"[47, 0]"
Le Teilleul,12749,Valid,Howardite,,1845-01-01T00:00:00.000,48.53333,-0.86667,"[48, 0]"
Leedey,12755,Valid,L6,,1943-01-01T00:00:00.000,35.88333,-99.33333,"[35, -99]"
Leeuwfontein,12756,Valid,L6,,1912-01-01T00:00:00.000,-25.66667,28.36667,"[-25, 28]"
Leighlinbridge,12759,Valid,L6,,1999-01-01T00:00:00.000,52.66667,-6.96667,"[52, -6]"
Leighton,12760,Valid,H5,,1907-01-01T00:00:00.000,34.58333,-87.5,"[34, -87]"
Leonovka,12765,Valid,L6,,1900-01-01T00:00:00.000,52.26667,32.85,"[52, 32]"
Les Ormes,12769,Valid,L6,,1857-01-01T00:00:00.000,48.35,3.25,"[48, 3]"
Lesves,12772,Valid,L6,,1896-01-01T00:00:00.000,50.36667,4.73333,"[50, 4]"
Lichtenberg,14646,Valid,H6,,1973-01-01T00:00:00.000,-26.15,26.18333,"[-26, 26]"
Lillaverke,14650,Valid,H5,,1930-01-01T00:00:00.000,56.65,15.86667,"[56, 15]"
Limerick,14652,Valid,H5,,1813-01-01T00:00:00.000,52.56667,-8.78333,"[52, -8]"
Linum,14655,Valid,L6,,1854-01-01T00:00:00.000,52.75,12.9,"[52, 12]"
Lishui,14659,Valid,L5,,1978-01-01T00:00:00.000,31.63333,118.98333,"[31, 118]"
Lissa,14661,Valid,L6,,1808-01-01T00:00:00.000,50.2,14.85,"[50, 14]"
Little Piney,14664,Valid,L5,,1839-01-01T00:00:00.000,37.91667,-92.08333,"[37, -92]"
Lixna,14670,Valid,H4,,1820-01-01T00:00:00.000,56.0,26.43333,"[56, 26]"
Lodran,14675,Valid,Lodranite,,1868-01-01T00:00:00.000,29.53333,71.8,"[29, 71]"
Lohawat,14678,Valid,Howardite,,1994-01-01T00:00:00.000,26.96556,72.62667,"[26, 72]"
Lorton,52843,Valid,L6,,2010-01-01T00:00:00.000,38.70066,-77.21163,"[38, -77]"
Los Martinez,14708,Valid,L6,,1894-01-01T00:00:00.000,38.0,-0.83333,"[38, 0]"
Lost City,14711,Valid,H5,,1970-01-01T00:00:00.000,36.00833,-95.15,"[36, -95]"
Louisville,14716,Valid,L6,,1977-01-01T00:00:00.000,38.25,-85.75,"[38, -85]"
Łowicz,14718,Valid,Mesosiderite-A3,,1935-01-01T00:00:00.000,52.0,19.91667,"[52, 19]"
Lua,14721,Valid,L5,,1926-01-01T00:00:00.000,24.95,75.15,"[24, 75]"
Lucé,14724,Valid,L6,,1768-01-01T00:00:00.000,47.85,0.48333,"[47, 0]"
Lumpkin,14753,Valid,L6,,1869-01-01T00:00:00.000,32.03333,-84.76667,"[32, -84]"
Lunan,14754,Valid,H6,,1980-01-01T00:00:00.000,24.8,103.3,"[24, 103]"
Lundsgård,14755,Valid,L6,,1889-01-01T00:00:00.000,56.21667,13.03333,"[56, 13]"
Luotolax,14756,Valid,Howardite,,1813-01-01T00:00:00.000,61.2,27.7,"[61, 27]"
Luponnas,14757,Valid,H3-5,,1753-01-01T00:00:00.000,46.21667,5.0,"[46, 5]"
Lusaka,14759,Valid,Unknown,,1951-01-01T00:00:00.000,-7.21667,29.43333,"[-7, 29]"
Mabwe-Khoywa,14764,Valid,L5,,1937-01-01T00:00:00.000,19.0,97.0,"[19, 97]"
Macau,15370,Valid,H5,,1836-01-01T00:00:00.000,-5.2,-36.66667,"[-5, -36]"
Machinga,15371,Valid,L6,,1981-01-01T00:00:00.000,-15.21222,35.24222,"[-15, 35]"
Macibini,15372,Valid,Eucrite-pmict,,1936-01-01T00:00:00.000,-28.83333,31.95,"[-28, 31]"
Madhipura,15379,Valid,L,,1950-01-01T00:00:00.000,25.91667,86.36667,"[25, 86]"
Madiun,15380,Valid,L6,,1935-01-01T00:00:00.000,-7.75,111.53333,"[-7, 111]"
Madrid,15382,Valid,L6,,1896-01-01T00:00:00.000,40.41667,-3.71667,"[40, -3]"
Mafra,15383,Valid,L3-4,,1941-01-01T00:00:00.000,-26.16667,-49.93333,"[-26, -49]"
Magnesia,15386,Valid,"Iron, IAB-sHL",,1899-01-01T00:00:00.000,37.86667,27.51667,"[37, 27]"
Magombedze,15387,Valid,H3-5,,1990-01-01T00:00:00.000,-19.48333,31.65,"[-19, 31]"
Mahadevpur,47361,Valid,H4/5,,2007-01-01T00:00:00.000,27.66667,95.78333,"[27, 95]"
Maigatari-Danduma,30751,Valid,H5/6,,2004-01-01T00:00:00.000,12.83333,9.38333,"[12, 9]"
Malaga,15393,Valid,OC,,1933-01-01T00:00:00.000,32.21667,-104.0,"[32, -104]"
Malakal,15394,Valid,L5,,1970-01-01T00:00:00.000,9.5,31.75,"[9, 31]"
Malampaka,15395,Valid,H,,1930-01-01T00:00:00.000,-3.13333,33.51667,"[-3, 33]"
Malotas,15397,Valid,H5,,1931-01-01T00:00:00.000,-28.93333,-63.23333,"[-28, -63]"
Malvern,15400,Valid,Eucrite-pmict,,1933-01-01T00:00:00.000,-29.45,26.76667,"[-29, 26]"
Mamra Springs,15401,Valid,L6,,1927-01-01T00:00:00.000,45.21667,62.08333,"[45, 62]"
Manbhoom,15402,Valid,LL6,,1863-01-01T00:00:00.000,23.05,86.7,"[23, 86]"
Manegaon,15403,Valid,Diogenite,,1843-01-01T00:00:00.000,20.96667,76.1,"[20, 76]"
Mangwendi,15405,Valid,LL6,,1934-01-01T00:00:00.000,-17.65,31.6,"[-17, 31]"
Manych,15409,Valid,LL3.4,,1951-01-01T00:00:00.000,45.81667,44.63333,"[45, 44]"
Mardan,15414,Valid,H5,,1948-01-01T00:00:00.000,34.23333,72.08333,"[34, 72]"
Maria Linden,15418,Valid,L4,,1925-01-01T00:00:00.000,,,"[None, None]"
Mariaville,15419,Valid,Iron,,1898-01-01T00:00:00.000,42.71667,-99.38333,"[42, -99]"
Maribo,48973,Valid,CM2,,2009-01-01T00:00:00.000,54.76183,11.46745,"[54, 11]"
Maridi,15421,Valid,H6,,1941-01-01T00:00:00.000,4.66667,29.25,"[4, 29]"
Marilia,15422,Valid,H4,,1971-01-01T00:00:00.000,-22.25,-49.93333,"[-22, -49]"
Marion (Iowa),15424,Valid,L6,,1847-01-01T00:00:00.000,41.9,-91.6,"[41, -91]"
Marjalahti,15426,Valid,"Pallasite, PMG",,1902-01-01T00:00:00.000,61.5,30.5,"[61, 30]"
Marmande,15429,Valid,L5,,1848-01-01T00:00:00.000,44.5,0.15,"[44, 0]"
Maromandia,15430,Valid,L6,,2002-01-01T00:00:00.000,-14.2,48.1,"[-14, 48]"
Maryville,15436,Valid,L6,,1983-01-01T00:00:00.000,35.8,-84.1,"[35, -84]"
Mascombes,15438,Valid,L6,,1836-01-01T00:00:00.000,45.36667,1.86667,"[45, 1]"
Mason Gully,53653,Valid,H5,,2010-01-01T00:00:00.000,0.0,0.0,"[None, None]"
Mässing,15443,Valid,Howardite,,1803-01-01T00:00:00.000,48.13333,12.61667,"[48, 12]"
Mauerkirchen,15446,Valid,L6,,1768-01-01T00:00:00.000,48.18333,13.13333,"[48, 13]"
Mauritius,15447,Valid,L6,,1801-01-01T00:00:00.000,-20.0,57.0,"[-20, 57]"
Mayo Belwa,15451,Valid,Aubrite,,1974-01-01T00:00:00.000,8.96667,12.08333,"[8, 12]"
Mazapil,15453,Valid,"Iron, IAB-sLL",,1885-01-01T00:00:00.000,24.68333,-101.68333,"[24, -101]"
Maziba,15454,Valid,L6,,1942-01-01T00:00:00.000,-1.21667,30.0,"[-1, 30]"
Mbale,15455,Valid,L5/6,,1992-01-01T00:00:00.000,1.06667,34.16667,"[1, 34]"
Medanitos,15467,Valid,Eucrite-cm,,1953-01-01T00:00:00.000,-27.25,-67.5,"[-27, -67]"
Meerut,15469,Valid,H5,,1861-01-01T00:00:00.000,29.01667,77.8,"[29, 77]"
Meester-Cornelis,15470,Valid,H5,,1915-01-01T00:00:00.000,-6.23333,106.88333,"[-6, 106]"
Menow,15485,Valid,H4,,1862-01-01T00:00:00.000,53.18333,13.15,"[53, 13]"
Menziswyl,15486,Valid,L5,,1903-01-01T00:00:00.000,46.81867,7.21817,"[46, 7]"
Mern,15489,Valid,L6,,1878-01-01T00:00:00.000,55.05,12.06667,"[55, 12]"
Meru,15491,Valid,LL6,,1945-01-01T00:00:00.000,0.0,37.66667,"[None, 37]"
Merua,15492,Valid,H5,,1920-01-01T00:00:00.000,25.48333,81.98333,"[25, 81]"
Messina,15495,Valid,L5,,1955-01-01T00:00:00.000,38.18333,15.56667,"[38, 15]"
Meuselbach,16626,Valid,L6,,1897-01-01T00:00:00.000,50.58333,11.1,"[50, 11]"
Mezel,16627,Valid,L6,,1949-01-01T00:00:00.000,45.76667,3.25,"[45, 3]"
Mezö-Madaras,16628,Valid,L3.7,,1852-01-01T00:00:00.000,46.5,25.73333,"[46, 25]"
Mhow,16629,Valid,L6,,1827-01-01T00:00:00.000,25.9,83.61667,"[25, 83]"
Mianchi,16631,Valid,H5,,1980-01-01T00:00:00.000,34.8,111.7,"[34, 111]"
Middlesbrough,16632,Valid,L6,,1881-01-01T00:00:00.000,54.56667,-1.16667,"[54, -1]"
Mifflin,52090,Valid,L5,,2010-01-01T00:00:00.000,42.9075,-90.36556,"[42, -90]"
Mighei,16634,Valid,CM2,,1889-01-01T00:00:00.000,48.06667,30.96667,"[48, 30]"
Mihonoseki,16635,Valid,L6,,1992-01-01T00:00:00.000,35.56833,133.22,"[35, 133]"
Mike,16636,Valid,L6,,1944-01-01T00:00:00.000,46.23333,17.53333,"[46, 17]"
Milena,16640,Valid,L6,,1842-01-01T00:00:00.000,46.18333,16.1,"[46, 16]"
Millbillillie,16643,Valid,Eucrite-mmict,,1960-01-01T00:00:00.000,-26.45,120.36667,"[-26, 120]"
Miller (Arkansas),16645,Valid,H5,,1930-01-01T00:00:00.000,35.4,-92.05,"[35, -92]"
Minamino,16692,Valid,L,,1632-01-01T00:00:00.000,35.07833,136.93333,"[35, 136]"
Mineo,16696,Valid,Pallasite,,1826-01-01T00:00:00.000,37.28333,14.7,"[37, 14]"
Min-Fan-Zhun,16697,Valid,LL6,,1952-01-01T00:00:00.000,32.33333,120.66667,"[32, 120]"
Minnichhof,16700,Valid,OC,,1905-01-01T00:00:00.000,47.7,16.6,"[47, 16]"
Mirzapur,16701,Valid,L5,,1910-01-01T00:00:00.000,25.68333,83.25,"[25, 83]"
Misshof,16703,Valid,H5,,1890-01-01T00:00:00.000,56.66667,23.0,"[56, 23]"
Mjelleim,16707,Valid,H,,1898-01-01T00:00:00.000,61.73333,5.93333,"[61, 5]"
Mocs,16709,Valid,L5-6,,1882-01-01T00:00:00.000,46.8,24.03333,"[46, 24]"
Modoc (1905),16711,Valid,L6,,1905-01-01T00:00:00.000,38.5,-101.1,"[38, -101]"
Mokoia,16713,Valid,CV3,,1908-01-01T00:00:00.000,-39.63333,174.4,"[-39, 174]"
Molina,16715,Valid,H5,,1858-01-01T00:00:00.000,38.11667,-1.16667,"[38, -1]"
Molteno,16717,Valid,Howardite,,1953-01-01T00:00:00.000,-31.25,26.46667,"[-31, 26]"
Monahans (1998),16719,Valid,H5,,1998-01-01T00:00:00.000,31.60833,-102.85833,"[31, -102]"
Monroe,16720,Valid,H4,,1849-01-01T00:00:00.000,35.25,-80.5,"[35, -80]"
Monte das Fortes,16725,Valid,L5,,1950-01-01T00:00:00.000,38.01667,-8.25,"[38, -8]"
Monte Milone,16726,Valid,L5,,1846-01-01T00:00:00.000,43.26667,13.35,"[43, 13]"
Montferré,16727,Valid,H5,,1923-01-01T00:00:00.000,43.39056,1.9625,"[43, 1]"
Montlivault,16729,Valid,L6,,1838-01-01T00:00:00.000,47.63333,1.58333,"[47, 1]"
Monze,16733,Valid,L6,,1950-01-01T00:00:00.000,-15.96667,27.35,"[-15, 27]"
Moore County,16736,Valid,Eucrite-cm,,1913-01-01T00:00:00.000,35.41667,-79.38333,"[35, -79]"
Mooresfort,16737,Valid,H5,,1810-01-01T00:00:00.000,52.45,-8.33333,"[52, -8]"
Moorleah,16738,Valid,L6,,1930-01-01T00:00:00.000,-40.975,145.6,"[-40, 145]"
Moradabad,16740,Valid,L6,,1808-01-01T00:00:00.000,28.78333,78.83333,"[28, 78]"
Morávka,16742,Valid,H5,,2000-01-01T00:00:00.000,49.6,18.53333,"[49, 18]"
Mornans,16747,Valid,H5,,1875-01-01T00:00:00.000,44.6,5.13333,"[44, 5]"
Moss,36592,Valid,CO3.6,,2006-01-01T00:00:00.000,59.43333,10.7,"[59, 10]"
Moti-ka-nagla,16759,Valid,H6,,1868-01-01T00:00:00.000,26.83333,77.33333,"[26, 77]"
Motta di Conti,16762,Valid,H4,,1868-01-01T00:00:00.000,45.2,8.5,"[45, 8]"
Mount Browne,16766,Valid,H6,,1902-01-01T00:00:00.000,-29.8,141.7,"[-29, 141]"
Mount Tazerzait,16804,Valid,L5,,1991-01-01T00:00:00.000,18.7,4.8,"[18, 4]"
Mount Vaisi,16805,Valid,Stone-uncl,,1637-01-01T00:00:00.000,44.08333,6.86667,"[44, 6]"
Mtola,16820,Valid,Stone-uncl,,1944-01-01T00:00:00.000,-11.5,33.5,"[-11, 33]"
Muddoor,16841,Valid,L5,,1865-01-01T00:00:00.000,12.63333,77.01667,"[12, 77]"
Mulletiwu,16851,Valid,L,,1795-01-01T00:00:00.000,9.33333,80.83333,"[9, 80]"
Muraid,16874,Valid,L6,,1924-01-01T00:00:00.000,24.5,90.21667,"[24, 90]"
Murchison,16875,Valid,CM2,,1969-01-01T00:00:00.000,-36.61667,145.2,"[-36, 145]"
Murray,16882,Valid,CM2,,1950-01-01T00:00:00.000,36.6,-88.1,"[36, -88]"
Muzaffarpur,16885,Valid,"Iron, IAB-sHL",,1964-01-01T00:00:00.000,26.13333,85.53333,"[26, 85]"
Myhee Caunta,16887,Valid,OC,,1842-01-01T00:00:00.000,23.05,72.63333,"[23, 72]"
Nadiabondi,16889,Valid,H5,,1956-01-01T00:00:00.000,12.0,1.0,"[12, 1]"
Nagai,16890,Valid,L6,,1922-01-01T00:00:00.000,38.12167,140.06167,"[38, 140]"
Nagaria,16892,Valid,Eucrite-cm,,1875-01-01T00:00:00.000,26.98333,78.21667,"[26, 78]"
Nagy-Borové,16893,Valid,L5,,1895-01-01T00:00:00.000,49.16667,19.5,"[49, 19]"
Nakhla,16898,Valid,Martian (nakhlite),,1911-01-01T00:00:00.000,31.31667,30.35,"[31, 30]"
Nakhon Pathom,16899,Valid,L6,,1923-01-01T00:00:00.000,13.73333,100.08333,"[13, 100]"
Nammianthal,16902,Valid,H5,,1886-01-01T00:00:00.000,12.28333,79.2,"[12, 79]"
Nan Yang Pao,16903,Valid,L6,,1917-01-01T00:00:00.000,35.66667,103.5,"[35, 103]"
Nanjemoy,16904,Valid,H6,,1825-01-01T00:00:00.000,38.41667,-77.16667,"[38, -77]"
Nantong,16907,Valid,H6,,1984-01-01T00:00:00.000,32.11667,121.8,"[32, 121]"
Naoki,16908,Valid,H6,,1928-01-01T00:00:00.000,19.25,77.0,"[19, 77]"
Naragh,16909,Valid,H6,,1974-01-01T00:00:00.000,33.75,51.5,"[33, 51]"
Narellan,16912,Valid,L6,,1928-01-01T00:00:00.000,-34.05,150.68889,"[-34, 150]"
Narni,16914,Valid,Stone-uncl,,0921-01-01T00:00:00.000,42.51667,12.51667,"[42, 12]"
Nassirah,16922,Valid,H4,,1936-01-01T00:00:00.000,-21.73333,165.9,"[-21, 165]"
Natal,16923,Valid,Stone-uncl,,1973-01-01T00:00:00.000,,,"[None, None]"
Nawapali,16927,Valid,CM2,,1890-01-01T00:00:00.000,21.25,83.66667,"[21, 83]"
Neagari,16934,Valid,L6,,1995-01-01T00:00:00.000,36.44917,136.46528,"[36, 136]"
Nedagolla,16935,Valid,"Iron, ungrouped",,1870-01-01T00:00:00.000,18.68333,83.48333,"[18, 83]"
Nejo,16941,Valid,L6,,1970-01-01T00:00:00.000,9.5,35.33333,"[9, 35]"
Nerft,16945,Valid,L6,,1864-01-01T00:00:00.000,56.5,21.5,"[56, 21]"
Neuschwanstein,16950,Valid,EL6,,2002-01-01T00:00:00.000,47.525,10.80833,"[47, 10]"
New Concord,16953,Valid,L6,,1860-01-01T00:00:00.000,40.0,-81.76667,"[40, -81]"
New Halfa,16954,Valid,L4,,1994-01-01T00:00:00.000,15.36667,35.68333,"[15, 35]"
New Orleans,16960,Valid,H5,,2003-01-01T00:00:00.000,29.94718,-90.10976,"[29, -90]"
Ngawi,16966,Valid,LL3.6,,1883-01-01T00:00:00.000,-7.45,111.41667,"[-7, 111]"
N'Goureyma,16968,Valid,"Iron, ungrouped",,1900-01-01T00:00:00.000,13.85,-4.38333,"[13, -4]"
Nicorps,16970,Valid,Stone-uncl,,1750-01-01T00:00:00.000,49.03333,-1.43333,"[49, -1]"
Niger (L6),16974,Valid,L6,,1967-01-01T00:00:00.000,,,"[None, None]"
Niger (LL6),16975,Valid,LL6,,1967-01-01T00:00:00.000,,,"[None, None]"
Nikolaevka,16976,Valid,H4,,1935-01-01T00:00:00.000,52.45,78.63333,"[52, 78]"
Nikolskoe,16977,Valid,L4,,1954-01-01T00:00:00.000,56.11667,37.33333,"[56, 37]"
Ningbo,16980,Valid,"Iron, IVA",,1975-01-01T00:00:00.000,29.86667,121.48333,"[29, 121]"
Ningqiang,16981,Valid,C3-ung,,1983-01-01T00:00:00.000,32.925,105.90667,"[32, 105]"
Nio,16982,Valid,H3-4,,1897-01-01T00:00:00.000,34.2,131.56667,"[34, 131]"
N'Kandhla,16983,Valid,"Iron, IID",,1912-01-01T00:00:00.000,-28.56667,30.7,"[-28, 30]"
Nobleborough,16984,Valid,Eucrite-pmict,,1823-01-01T00:00:00.000,44.08333,-69.48333,"[44, -69]"
Noblesville,16985,Valid,H4-6,,1991-01-01T00:00:00.000,40.08528,-86.055,"[40, -86]"
Nogata,16988,Valid,L6,,0861-01-01T00:00:00.000,33.725,130.75,"[33, 130]"
Nogoya,16989,Valid,CM2,,1879-01-01T00:00:00.000,-32.36667,-59.83333,"[-32, -59]"
Norfork,16994,Valid,"Iron, IIIAB",,1918-01-01T00:00:00.000,36.21667,-92.26667,"[36, -92]"
Norton County,17922,Valid,Aubrite,,1948-01-01T00:00:00.000,39.68333,-99.86667,"[39, -99]"
Noventa Vicentina,17930,Valid,H4,,1971-01-01T00:00:00.000,45.29167,11.52722,"[45, 11]"
Novo-Urei,17933,Valid,Ureilite,,1886-01-01T00:00:00.000,54.81667,46.0,"[54, 46]"
Novy-Ergi,17934,Valid,Stone-uncl,,1662-01-01T00:00:00.000,58.55,31.33333,"[58, 31]"
Novy-Projekt,17935,Valid,OC,,1908-01-01T00:00:00.000,56.0,22.0,"[56, 22]"
Noyan-Bogdo,17936,Valid,L6,,1933-01-01T00:00:00.000,42.91667,102.46667,"[42, 102]"
Nuevo Mercurio,17938,Valid,H5,,1978-01-01T00:00:00.000,24.3,-102.13333,"[24, -102]"
Nulles,17959,Valid,H6,,1851-01-01T00:00:00.000,41.63333,0.75,"[41, 0]"
Numakai,17960,Valid,H4,,1925-01-01T00:00:00.000,43.33333,141.86667,"[43, 141]"
Nyaung,17969,Valid,"Iron, IIIAB",,1939-01-01T00:00:00.000,21.20833,94.91667,"[21, 94]"
Nyirábrany,17970,Valid,LL5,,1914-01-01T00:00:00.000,47.55,22.025,"[47, 22]"
Ochansk,17979,Valid,H4,,1887-01-01T00:00:00.000,57.78333,55.26667,"[57, 55]"
Oesede,17988,Valid,H5,,1927-01-01T00:00:00.000,52.28333,8.05,"[52, 8]"
Oesel,17989,Valid,L6,,1855-01-01T00:00:00.000,58.5,23.0,"[58, 23]"
Ofehértó,17990,Valid,L6,,1900-01-01T00:00:00.000,47.88333,22.03333,"[47, 22]"
Ogi,17994,Valid,H6,,1741-01-01T00:00:00.000,33.28333,130.2,"[33, 130]"
Ohaba,17995,Valid,H5,,1857-01-01T00:00:00.000,46.06667,23.58333,"[46, 23]"
Ohuma,17996,Valid,L5,,1963-01-01T00:00:00.000,6.75,8.5,"[6, 8]"
Ojuelos Altos,17997,Valid,L6,,1926-01-01T00:00:00.000,38.18333,-5.4,"[38, -5]"
Okabe,17998,Valid,H5,,1958-01-01T00:00:00.000,36.18333,139.21667,"[36, 139]"
Okano,18000,Valid,"Iron, IIAB",,1904-01-01T00:00:00.000,35.08333,135.2,"[35, 135]"
Okniny,18002,Valid,LL6,,1834-01-01T00:00:00.000,50.83333,25.5,"[50, 25]"
Oldenburg (1930),18009,Valid,L6,,1930-01-01T00:00:00.000,52.95,8.16667,"[52, 8]"
Oliva-Gandia,18012,Valid,Stone-uncl,,1520-01-01T00:00:00.000,39.0,-0.03333,"[39, 0]"
Olivenza,18013,Valid,LL5,,1924-01-01T00:00:00.000,38.71667,-7.06667,"[38, -7]"
Olmedilla de Alarcón,18015,Valid,H5,,1929-01-01T00:00:00.000,39.56667,-2.1,"[39, -2]"
Omolon,18019,Valid,"Pallasite, PMG",,1981-01-01T00:00:00.000,64.02,161.80833,"[64, 161]"
Orgueil,18026,Valid,CI1,,1864-01-01T00:00:00.000,43.88333,1.38333,"[43, 1]"
Orlando,34489,Valid,Eucrite,,2004-01-01T00:00:00.000,28.5475,-81.36222,"[28, -81]"
Ornans,18030,Valid,CO3.4,,1868-01-01T00:00:00.000,47.11667,6.15,"[47, 6]"
Ortenau,18033,Valid,Stone-uncl,,1671-01-01T00:00:00.000,48.5,8.0,"[48, 8]"
Orvinio,18034,Valid,H6,,1872-01-01T00:00:00.000,42.13333,12.93333,"[42, 12]"
Oterøy,18042,Valid,L6,,1928-01-01T00:00:00.000,58.88333,9.4,"[58, 9]"
Otomi,18045,Valid,H,,1867-01-01T00:00:00.000,38.4,140.35,"[38, 140]"
Ottawa,18046,Valid,LL6,,1896-01-01T00:00:00.000,38.6,-95.21667,"[38, -95]"
Ouadangou,56729,Valid,L5,,2003-01-01T00:00:00.000,12.9,0.08,"[12, 0]"
Oued el Hadjar,18050,Valid,LL6,,1986-01-01T00:00:00.000,30.18,-6.57717,"[30, -6]"
Oum Dreyga,31282,Valid,H3-5,,2003-01-01T00:00:00.000,24.3,-13.1,"[24, -13]"
Ourique,18052,Valid,H4,,1998-01-01T00:00:00.000,37.60833,-8.28,"[37, -8]"
Ovambo,18055,Valid,L6,,1900-01-01T00:00:00.000,-18.0,16.0,"[-18, 16]"
Oviedo,18058,Valid,H5,,1856-01-01T00:00:00.000,43.4,-5.86667,"[43, -5]"
Owrucz,18062,Valid,OC,,1775-01-01T00:00:00.000,51.33333,28.83333,"[51, 28]"
Pacula,18068,Valid,L6,,1881-01-01T00:00:00.000,21.05,-99.3,"[21, -99]"
Padvarninkai,18069,Valid,Eucrite-mmict,,1929-01-01T00:00:00.000,55.66667,25.0,"[55, 25]"
Paitan,18072,Valid,H6,,1910-01-01T00:00:00.000,17.74333,120.45583,"[17, 120]"
Palahatchie,18073,Valid,OC,,1910-01-01T00:00:00.000,32.31667,-89.71667,"[32, -89]"
Palca de Aparzo,18074,Valid,L5,,1988-01-01T00:00:00.000,-23.11667,-65.1,"[-23, -65]"
Palinshih,18077,Valid,Iron,,1914-01-01T00:00:00.000,43.48333,118.61667,"[43, 118]"
Palmyra,18079,Valid,L3,,1926-01-01T00:00:00.000,39.8,-91.5,"[39, -91]"
Palolo Valley,18082,Valid,H5,,1949-01-01T00:00:00.000,21.3,-157.78333,"[21, -157]"
Dominion Range 03239,32591,Valid,L6,,2002-01-01T00:00:00.000,,,"[None, None]"
Pampanga,18093,Valid,L5,,1859-01-01T00:00:00.000,15.08333,120.7,"[15, 120]"
Pantar,18098,Valid,H5,,1938-01-01T00:00:00.000,8.06667,124.28333,"[8, 124]"
Paragould,18101,Valid,LL5,,1930-01-01T00:00:00.000,36.06667,-90.5,"[36, -90]"
Parambu,18102,Valid,LL5,,1967-01-01T00:00:00.000,-6.23333,-40.7,"[-6, -40]"
Paranaiba,18103,Valid,L6,,1956-01-01T00:00:00.000,-19.13333,-51.66667,"[-19, -51]"
Park Forest,18106,Valid,L5,,2003-01-01T00:00:00.000,41.48472,-87.67917,"[41, -87]"
Parnallee,18108,Valid,LL3.6,,1857-01-01T00:00:00.000,9.23333,78.35,"[9, 78]"
Parsa,18109,Valid,EH3,,1942-01-01T00:00:00.000,26.2,85.4,"[26, 85]"
Pasamonte,18110,Valid,Eucrite-pmict,,1933-01-01T00:00:00.000,36.21667,-103.4,"[36, -103]"
Patora,18112,Valid,H6,,1969-01-01T00:00:00.000,20.93694,82.05,"[20, 82]"
Patrimonio,18116,Valid,L6,,1950-01-01T00:00:00.000,-19.53333,-48.56667,"[-19, -48]"
Patti,18118,Valid,Iron,,1922-01-01T00:00:00.000,38.13333,14.96667,"[38, 14]"
Patwar,18171,Valid,Mesosiderite-A1,,1935-01-01T00:00:00.000,23.15,91.18333,"[23, 91]"
Pavel,18173,Valid,H5,,1966-01-01T00:00:00.000,43.46667,25.51667,"[43, 25]"
Pavlodar (stone),18175,Valid,H5,,1938-01-01T00:00:00.000,52.3,77.03333,"[52, 77]"
Pavlograd,18176,Valid,L6,,1826-01-01T00:00:00.000,48.53333,35.98333,"[48, 35]"
Pavlovka,18177,Valid,Howardite,,1882-01-01T00:00:00.000,52.03333,43.0,"[52, 43]"
Pê,18179,Valid,L6,,1989-01-01T00:00:00.000,11.33367,-3.54217,"[11, -3]"
Peace River,18180,Valid,L6,,1963-01-01T00:00:00.000,56.13333,-117.93333,"[56, -117]"
Peckelsheim,18181,Valid,Diogenite-pm,,1953-01-01T00:00:00.000,51.66667,9.25,"[51, 9]"
Peekskill,18782,Valid,H6,,1992-01-01T00:00:00.000,41.28333,-73.91667,"[41, -73]"
Peña Blanca Spring,18786,Valid,Aubrite,,1946-01-01T00:00:00.000,30.125,-103.11667,"[30, -103]"
Peramiho,18792,Valid,Eucrite-mmict,,1899-01-01T00:00:00.000,-10.66667,35.5,"[-10, 35]"
Perpeti,18793,Valid,L6,,1935-01-01T00:00:00.000,23.325,91.0,"[23, 91]"
Perth,18797,Valid,LL5,,1830-01-01T00:00:00.000,56.4,-3.43333,"[56, -3]"
Pervomaisky,18798,Valid,L6,,1933-01-01T00:00:00.000,56.63333,39.43333,"[56, 39]"
Pesyanoe,18799,Valid,Aubrite,,1933-01-01T00:00:00.000,55.5,66.08333,"[55, 66]"
Pétèlkolé,18800,Valid,H5,,1995-01-01T00:00:00.000,14.052,0.42,"[14, 0]"
Petersburg,18801,Valid,Eucrite-pmict,,1855-01-01T00:00:00.000,35.3,-86.63333,"[35, -86]"
Pettiswood,18804,Valid,Stone-uncl,,1779-01-01T00:00:00.000,53.53333,-7.33333,"[53, -7]"
Phillips County (stone),18808,Valid,L6,,1901-01-01T00:00:00.000,40.0,-99.25,"[40, -99]"
Phu Hong,18809,Valid,H4,,1887-01-01T00:00:00.000,11.25,108.58333,"[11, 108]"
Phum Sambo,18811,Valid,H4,,1933-01-01T00:00:00.000,12.0,105.48333,"[12, 105]"
Phuoc-Binh,18812,Valid,L5,,1941-01-01T00:00:00.000,15.71667,108.1,"[15, 108]"
Piancaldoli,18813,Valid,LL3.4,,1968-01-01T00:00:00.000,44.24417,11.50222,"[44, 11]"
Picote,18816,Valid,Stone-uncl,,1843-01-01T00:00:00.000,41.36667,-6.23333,"[41, -6]"
Pillistfer,18822,Valid,EL6,,1863-01-01T00:00:00.000,58.66667,25.73333,"[58, 25]"
Piplia Kalan,18831,Valid,Eucrite-mmict,,1996-01-01T00:00:00.000,26.03472,73.94167,"[26, 73]"
Piquetberg,18832,Valid,H,,1881-01-01T00:00:00.000,-32.86667,18.71667,"[-32, 18]"
Pirgunje,18834,Valid,L6,,1882-01-01T00:00:00.000,25.8,88.45,"[25, 88]"
Pirthalla,18835,Valid,H6,,1884-01-01T00:00:00.000,29.58333,76.0,"[29, 76]"
Pitts,18837,Valid,"Iron, IAB-ung",,1921-01-01T00:00:00.000,31.95,-83.51667,"[31, -83]"
Plantersville,18846,Valid,H6,,1930-01-01T00:00:00.000,30.7,-96.11667,"[30, -96]"
Pleşcoi,51706,Valid,L5-6,,2008-01-01T00:00:00.000,45.275,26.70972,"[45, 26]"
Ploschkovitz,18849,Valid,L5,,1723-01-01T00:00:00.000,50.53333,14.11667,"[50, 14]"
Pnompehn,18851,Valid,L6,,1868-01-01T00:00:00.000,11.58333,104.91667,"[11, 104]"
Dominion Range 03240,32592,Valid,LL5,,2002-01-01T00:00:00.000,,,"[None, None]"
Pohlitz,18853,Valid,L5,,1819-01-01T00:00:00.000,50.93333,12.13333,"[50, 12]"
Pokhra,18858,Valid,H5,,1866-01-01T00:00:00.000,26.71667,82.66667,"[26, 82]"
Pollen,18860,Valid,CM2,,1942-01-01T00:00:00.000,66.34833,14.015,"[66, 14]"
Pontlyfni,18865,Valid,Winonaite,,1931-01-01T00:00:00.000,53.03639,-4.31944,"[53, -4]"
Portales Valley,18874,Valid,H6,,1998-01-01T00:00:00.000,34.175,-103.295,"[34, -103]"
Portugal,18876,Valid,Stone-uncl,,1796-01-01T00:00:00.000,38.5,-8.0,"[38, -8]"
Po-wang Chen,18879,Valid,LL,,1933-01-01T00:00:00.000,31.41667,118.5,"[31, 118]"
Prambachkirchen,18883,Valid,L6,,1932-01-01T00:00:00.000,48.3025,13.94083,"[48, 13]"
Pribram,18887,Valid,H5,,1959-01-01T00:00:00.000,49.66667,14.03333,"[49, 14]"
Pricetown,18888,Valid,L6,,1893-01-01T00:00:00.000,39.11667,-83.85,"[39, -83]"
Puerto Lápice,45984,Valid,Eucrite-br,,2007-01-01T00:00:00.000,39.35,-3.51667,"[39, -3]"
Pulsora,18899,Valid,H5,,1863-01-01T00:00:00.000,23.36667,75.18333,"[23, 75]"
Pultusk,18901,Valid,H5,,1868-01-01T00:00:00.000,52.76667,21.26667,"[52, 21]"
Punganaru,18902,Valid,Stone-uncl,,1811-01-01T00:00:00.000,13.33333,78.95,"[13, 78]"
Putinga,18905,Valid,L6,,1937-01-01T00:00:00.000,-29.03333,-53.05,"[-29, -53]"
Qidong,18907,Valid,L/LL5,,1982-01-01T00:00:00.000,32.08333,121.5,"[32, 121]"
Qingzhen,18908,Valid,EH3,,1976-01-01T00:00:00.000,26.53333,106.46667,"[26, 106]"
Queen's Mercy,22357,Valid,H6,,1925-01-01T00:00:00.000,-30.11667,28.7,"[-30, 28]"
Quenggouk,22358,Valid,H4,,1857-01-01T00:00:00.000,17.76667,95.18333,"[17, 95]"
Quesa,22360,Valid,"Iron, IAB-ung",,1898-01-01T00:00:00.000,39.0,-0.66667,"[39, 0]"
Quija,22361,Valid,H,,1990-01-01T00:00:00.000,44.61667,126.13333,"[44, 126]"
Quincay,22363,Valid,L6,,1851-01-01T00:00:00.000,46.6,0.25,"[46, 0]"
Raco,22368,Valid,H5,,1957-01-01T00:00:00.000,-26.66667,-65.45,"[-26, -65]"
Raghunathpura,22371,Valid,"Iron, IIAB",,1986-01-01T00:00:00.000,27.72528,76.465,"[27, 76]"
Rahimyar Khan,31302,Valid,L5,,1983-01-01T00:00:00.000,28.225,70.2,"[28, 70]"
Rakovka,22376,Valid,L6,,1878-01-01T00:00:00.000,52.98333,37.03333,"[52, 37]"
Ramnagar,22384,Valid,L6,,1940-01-01T00:00:00.000,26.45,82.9,"[26, 82]"
Rampurhat,22385,Valid,LL,,1916-01-01T00:00:00.000,24.16667,87.76667,"[24, 87]"
Ramsdorf,22386,Valid,L6,,1958-01-01T00:00:00.000,51.88333,6.93333,"[51, 6]"
Ranchapur,22387,Valid,H4,,1917-01-01T00:00:00.000,23.98333,87.08333,"[23, 87]"
Rancho de la Presa,22390,Valid,H5,,1899-01-01T00:00:00.000,19.86667,-100.81667,"[19, -100]"
Rangala,22392,Valid,L6,,1937-01-01T00:00:00.000,25.38333,72.01667,"[25, 72]"
Raoyang,22394,Valid,L6,,1919-01-01T00:00:00.000,38.2,115.7,"[38, 115]"
Ras Tanura,22395,Valid,H6,,1961-01-01T00:00:00.000,26.66667,50.15,"[26, 50]"
Rasgrad,22396,Valid,Stone-uncl,,1740-01-01T00:00:00.000,43.5,26.53333,"[43, 26]"
Ratyn,22398,Valid,Stone-uncl,,1880-01-01T00:00:00.000,52.2,17.98333,"[52, 17]"
Red Canyon Lake,53502,Valid,H5,,2007-01-01T00:00:00.000,38.13742,-119.75812,"[38, -119]"
Reliegos,22584,Valid,L5,,1947-01-01T00:00:00.000,42.475,-5.33333,"[42, -5]"
Rembang,22585,Valid,"Iron, IVA",,1919-01-01T00:00:00.000,-6.73333,111.36667,"[-6, 111]"
Renazzo,22586,Valid,CR2,,1824-01-01T00:00:00.000,44.76667,11.28333,"[44, 11]"
Renca,22587,Valid,L5,,1925-01-01T00:00:00.000,-32.75,-65.28333,"[-32, -65]"
Renqiu,22589,Valid,L6,,1916-01-01T00:00:00.000,38.66667,116.13333,"[38, 116]"
Repeev Khutor,22590,Valid,"Iron, IIF",,1933-01-01T00:00:00.000,48.6,45.66667,"[48, 45]"
Revelstoke,22592,Valid,CI1,,1965-01-01T00:00:00.000,51.33333,-118.95,"[51, -118]"
Rewari,22593,Valid,L6,,1929-01-01T00:00:00.000,28.2,76.66667,"[28, 76]"
Rich Mountain,22597,Valid,L6,,1903-01-01T00:00:00.000,35.03333,-83.03333,"[35, -83]"
Uzcudun,24140,Valid,L,,1948-01-01T00:00:00.000,-44.11667,-66.15,"[-44, -66]"
Richardton,22599,Valid,H5,,1918-01-01T00:00:00.000,46.88333,-102.31667,"[46, -102]"
Richland Springs,22602,Valid,OC,,1980-01-01T00:00:00.000,31.25,-99.03333,"[31, -99]"
Richmond,22603,Valid,LL5,,1828-01-01T00:00:00.000,37.46667,-77.5,"[37, -77]"
Rio Negro,22611,Valid,L4,,1934-01-01T00:00:00.000,-26.1,-49.8,"[-26, -49]"
Rivolta de Bassi,22614,Valid,Stone-uncl,,1491-01-01T00:00:00.000,45.48333,9.51667,"[45, 9]"
Rochester,22637,Valid,H6,,1876-01-01T00:00:00.000,41.08333,-86.28333,"[41, -86]"
Rockhampton,22640,Valid,Stone-uncl,,1895-01-01T00:00:00.000,-23.38333,150.51667,"[-23, 150]"
Roda,22641,Valid,Diogenite,,1871-01-01T00:00:00.000,42.3,0.55,"[42, 0]"
Rodach,22642,Valid,Stone-uncl,,1775-01-01T00:00:00.000,50.35,10.8,"[50, 10]"
Rose City,22766,Valid,H5,,1921-01-01T00:00:00.000,44.51667,-83.95,"[44, -83]"
Rowton,22773,Valid,"Iron, IIIAB",,1876-01-01T00:00:00.000,52.76667,-2.51667,"[52, -2]"
Ruhobobo,22780,Valid,L6,,1976-01-01T00:00:00.000,-1.45,29.83333,"[-1, 29]"
Rumuruti,22782,Valid,R3.8-6,,1934-01-01T00:00:00.000,0.26667,36.53333,"[0, 36]"
Rupota,22783,Valid,L4-6,,1949-01-01T00:00:00.000,-10.26667,38.76667,"[-10, 38]"
Ryechki,22791,Valid,L5,,1914-01-01T00:00:00.000,51.13333,34.5,"[51, 34]"
Sabetmahet,22792,Valid,H5,,1855-01-01T00:00:00.000,27.43333,82.08333,"[27, 82]"
Sabrum,22793,Valid,LL6,,1999-01-01T00:00:00.000,23.08333,91.66667,"[23, 91]"
Sagan,22796,Valid,Stone-uncl,,1636-01-01T00:00:00.000,51.53333,14.88333,"[51, 14]"
Saint-Sauveur,23101,Valid,EH5,,1914-01-01T00:00:00.000,43.73333,1.38333,"[43, 1]"
Saint-Séverin,23102,Valid,LL6,,1966-01-01T00:00:00.000,45.3,0.23333,"[45, 0]"
Sakauchi,23103,Valid,Iron,,1913-01-01T00:00:00.000,35.66667,136.3,"[35, 136]"
Salem,23107,Valid,L6,,1981-01-01T00:00:00.000,44.97917,-122.96944,"[44, -122]"
Salles,23111,Valid,L5,,1798-01-01T00:00:00.000,46.05,4.63333,"[46, 4]"
Salzwedel,23114,Valid,LL5,,1985-01-01T00:00:00.000,52.75,11.05,"[52, 11]"
Samelia,23115,Valid,"Iron, IIIAB",,1921-01-01T00:00:00.000,25.66667,74.86667,"[25, 74]"
San Juan Capistrano,23128,Valid,H6,,1973-01-01T00:00:00.000,33.48472,-117.6625,"[33, -117]"
San Michele,31315,Valid,L6,,2002-01-01T00:00:00.000,43.66667,13.0,"[43, 13]"
San Pedro de Quiles,23130,Valid,L6,,1956-01-01T00:00:00.000,-31.01667,-71.4,"[-31, -71]"
San Pedro Jacuaro,34063,Valid,LL6,,1968-01-01T00:00:00.000,19.76667,-100.65,"[19, -100]"
Santa Barbara,23161,Valid,L4,,1873-01-01T00:00:00.000,-29.2,-51.86667,"[-29, -51]"
Santa Cruz,23164,Valid,CM2,,1939-01-01T00:00:00.000,24.16667,-99.33333,"[24, -99]"
Santa Isabel,23165,Valid,L6,,1924-01-01T00:00:00.000,-33.9,-61.7,"[-33, -61]"
Santa Lucia (2008),50909,Valid,L6,,2008-01-01T00:00:00.000,-31.535556,-68.489444,"[-31, -68]"
São Jose do Rio Preto,23171,Valid,H4,,1962-01-01T00:00:00.000,-20.81,-49.38056,"[-20, -49]"
Saratov,23176,Valid,L4,,1918-01-01T00:00:00.000,52.55,46.55,"[52, 46]"
Sasagase,23187,Valid,H,,1688-01-01T00:00:00.000,34.71667,137.78333,"[34, 137]"
Sauguis,23188,Valid,L6,,1868-01-01T00:00:00.000,43.15,-0.85,"[43, 0]"
Savtschenskoje,23190,Valid,LL4,,1894-01-01T00:00:00.000,47.21667,29.86667,"[47, 29]"
Sayama,23192,Valid,CM2,,1986-01-01T00:00:00.000,35.86667,139.4,"[35, 139]"
Sazovice,23455,Valid,L5,,1934-01-01T00:00:00.000,49.23333,17.56667,"[49, 17]"
Schellin,23457,Valid,L,,1715-01-01T00:00:00.000,53.35,15.05,"[53, 15]"
Schenectady,23458,Valid,H5,,1968-01-01T00:00:00.000,42.86083,-73.95028,"[42, -73]"
Schönenberg,23460,Valid,L6,,1846-01-01T00:00:00.000,48.11667,10.46667,"[48, 10]"
Searsmont,23472,Valid,H5,,1871-01-01T00:00:00.000,44.36667,-69.2,"[44, -69]"
Sediköy,23473,Valid,L6,,1917-01-01T00:00:00.000,38.3,27.13333,"[38, 27]"
Segowlie,23476,Valid,LL6,,1853-01-01T00:00:00.000,26.75,84.78333,"[26, 84]"
Selakopi,23481,Valid,H5,,1939-01-01T00:00:00.000,-7.23333,107.33333,"[-7, 107]"
Seldebourak,23483,Valid,H5,,1947-01-01T00:00:00.000,22.83333,4.98333,"[22, 4]"
Semarkona,23487,Valid,LL3.00,,1940-01-01T00:00:00.000,22.25,79.0,"[22, 79]"
Sena,23495,Valid,H4,,1773-01-01T00:00:00.000,41.71667,-0.05,"[41, 0]"
Senboku,23496,Valid,H6,,1993-01-01T00:00:00.000,39.43833,140.51167,"[39, 140]"
Seoni,23500,Valid,H6,,1966-01-01T00:00:00.000,21.68389,79.50083,"[21, 79]"
Seres,23501,Valid,H4,,1818-01-01T00:00:00.000,41.05,23.56667,"[41, 23]"
Serra de Magé,23502,Valid,Eucrite-cm,,1923-01-01T00:00:00.000,-8.38333,-36.76667,"[-8, -36]"
Sete Lagoas,23504,Valid,H4,,1908-01-01T00:00:00.000,-19.46667,-44.21667,"[-19, -44]"
Sevilla,23508,Valid,LL4,,1862-01-01T00:00:00.000,37.41667,-6.0,"[37, -6]"
Sevrukovo,23509,Valid,L5,,1874-01-01T00:00:00.000,50.61667,36.6,"[50, 36]"
Sfax,23512,Valid,L6,,1989-01-01T00:00:00.000,34.75,10.71667,"[34, 10]"
Shalka,23521,Valid,Diogenite,,1850-01-01T00:00:00.000,23.1,87.3,"[23, 87]"
Sharps,23525,Valid,H3.4,,1921-01-01T00:00:00.000,37.83333,-76.7,"[37, -76]"
Shelburne,23529,Valid,L5,,1904-01-01T00:00:00.000,44.05,-80.16667,"[44, -80]"
Shergotty,23530,Valid,Martian (shergottite),,1865-01-01T00:00:00.000,24.55,84.83333,"[24, 84]"
Sheyang,23531,Valid,L6,,1976-01-01T00:00:00.000,33.65,120.06667,"[33, 120]"
Shikarpur,23534,Valid,L6,,1921-01-01T00:00:00.000,25.85,87.5775,"[25, 87]"
Shuangyang,23582,Valid,H5,,1971-01-01T00:00:00.000,43.5,125.66667,"[43, 125]"
Shupiyan,23583,Valid,H6,,1912-01-01T00:00:00.000,33.71667,74.83333,"[33, 74]"
Shytal,23584,Valid,L6,,1863-01-01T00:00:00.000,24.33333,90.16667,"[24, 90]"
Siena,23586,Valid,LL5,,1794-01-01T00:00:00.000,43.11667,11.6,"[43, 11]"
Sikhote-Alin,23593,Valid,"Iron, IIAB",,1947-01-01T00:00:00.000,46.16,134.65333,"[46, 134]"
Silao,23594,Valid,H5,,1995-01-01T00:00:00.000,20.93333,-101.38333,"[20, -101]"
Silistra,55584,Valid,Achondrite-ung,,1917-01-01T00:00:00.000,44.11667,27.26667,"[44, 27]"
Simmern,23603,Valid,H5,,1920-01-01T00:00:00.000,49.98333,7.53333,"[49, 7]"
Sinai,23606,Valid,L6,,1916-01-01T00:00:00.000,30.9,32.48333,"[30, 32]"
Sindhri,23611,Valid,H5,,1901-01-01T00:00:00.000,26.21667,69.55,"[26, 69]"
Sinnai,23613,Valid,H6,,1956-01-01T00:00:00.000,39.3,9.2,"[39, 9]"
Sioux County,23614,Valid,Eucrite-mmict,,1933-01-01T00:00:00.000,42.58333,-103.66667,"[42, -103]"
Sitathali,23616,Valid,H5,,1875-01-01T00:00:00.000,20.91667,82.58333,"[20, 82]"
Sivas,23617,Valid,H6,,1989-01-01T00:00:00.000,39.82467,36.13583,"[39, 36]"
Sixiangkou,23619,Valid,L5,,1989-01-01T00:00:00.000,32.43333,119.86667,"[32, 119]"
Ski,23621,Valid,L6,,1848-01-01T00:00:00.000,59.73333,10.86667,"[59, 10]"
Slavetic,23626,Valid,H5,,1868-01-01T00:00:00.000,45.68333,15.6,"[45, 15]"
Slobodka,23645,Valid,L4,,1818-01-01T00:00:00.000,55.0,35.0,"[55, 35]"
Soheria,23660,Valid,OC,,1960-01-01T00:00:00.000,27.13333,84.06667,"[27, 84]"
Soko-Banja,23661,Valid,LL4,,1877-01-01T00:00:00.000,43.66667,21.86667,"[43, 21]"
Sologne,23663,Valid,H5,,1860-01-01T00:00:00.000,47.36667,1.73333,"[47, 1]"
Sołtmany,53829,Valid,L6,,2011-01-01T00:00:00.000,54.00883,22.005,"[54, 22]"
Sone,23667,Valid,H5,,1866-01-01T00:00:00.000,35.16667,135.33333,"[35, 135]"
Songyuan,23668,Valid,L6,,1993-01-01T00:00:00.000,45.25,125.0,"[45, 125]"
Sopot,23670,Valid,OC,,1927-01-01T00:00:00.000,44.41667,23.5,"[44, 23]"
Soroti,23671,Valid,"Iron, ungrouped",,1945-01-01T00:00:00.000,1.7,33.63333,"[1, 33]"
St. Caprais-de-Quinsac,23081,Valid,L6,,1883-01-01T00:00:00.000,44.75,0.05,"[44, 0]"
St. Christophe-la-Chartreuse,23082,Valid,L6,,1841-01-01T00:00:00.000,46.95,-1.5,"[46, -1]"
St. Denis Westrem,23083,Valid,L6,,1855-01-01T00:00:00.000,51.05,3.75,"[51, 3]"
St. Germain-du-Pinel,23087,Valid,H6,,1890-01-01T00:00:00.000,48.01667,-1.15,"[48, -1]"
St. Louis,23089,Valid,H4,,1950-01-01T00:00:00.000,38.7,-90.23333,"[38, -90]"
St. Mark's,23090,Valid,EH5,,1903-01-01T00:00:00.000,-32.01667,27.41667,"[-32, 27]"
St. Mary's County,23091,Valid,LL3.3,,1919-01-01T00:00:00.000,38.16667,-76.38333,"[38, -76]"
St. Mesmin,23092,Valid,LL6,,1866-01-01T00:00:00.000,48.45,3.93333,"[48, 3]"
St. Michel,23093,Valid,L6,,1910-01-01T00:00:00.000,61.65,27.2,"[61, 27]"
St.-Chinian,23097,Valid,L6,,1959-01-01T00:00:00.000,43.43333,2.95,"[43, 2]"
Ställdalen,23712,Valid,H5,,1876-01-01T00:00:00.000,59.93333,14.95,"[59, 14]"
Stannern,23713,Valid,Eucrite-mmict,,1808-01-01T00:00:00.000,49.28333,15.56667,"[49, 15]"
Stavropol,23717,Valid,L6,,1857-01-01T00:00:00.000,45.05,41.98333,"[45, 41]"
Ste. Marguerite,23099,Valid,H4,,1962-01-01T00:00:00.000,50.76667,3.0,"[50, 3]"
Sterlitamak,23724,Valid,"Iron, IIIAB",,1990-01-01T00:00:00.000,53.66667,55.98333,"[53, 55]"
Stolzenau,23726,Valid,Stone-uncl,,1647-01-01T00:00:00.000,52.53333,9.05,"[52, 9]"
Stratford,23728,Valid,L6,,1974-01-01T00:00:00.000,41.2,-73.13333,"[41, -73]"
Strathmore,23729,Valid,L6,,1917-01-01T00:00:00.000,56.58333,-3.25,"[56, -3]"
Stretchleigh,23732,Valid,Stone-uncl,,1623-01-01T00:00:00.000,50.38333,-3.95,"[50, -3]"
St-Robert,23733,Valid,H5,,1994-01-01T00:00:00.000,45.96861,-72.97806,"[45, -72]"
Success,23736,Valid,L6,,1924-01-01T00:00:00.000,36.48333,-90.66667,"[36, -90]"
Suchy Dul,23737,Valid,L6,,1969-01-01T00:00:00.000,50.53806,16.26333,"[50, 16]"
Suizhou,23738,Valid,L6,,1986-01-01T00:00:00.000,31.61667,113.46667,"[31, 113]"
Sulagiri,48951,Valid,LL6,,2008-01-01T00:00:00.000,12.66667,78.03333,"[12, 78]"
Sultanpur,23741,Valid,L/LL6,,1916-01-01T00:00:00.000,25.93333,84.28333,"[25, 84]"
Sungach,23745,Valid,H5,,1935-01-01T00:00:00.000,44.86667,133.16667,"[44, 133]"
Supuhee,23760,Valid,H6,,1865-01-01T00:00:00.000,26.71667,84.21667,"[26, 84]"
Sutter's Mill,55529,Valid,C,,2012-01-01T00:00:00.000,38.80389,-120.90806,"[38, -120]"
Sylacauga,23773,Valid,H4,,1954-01-01T00:00:00.000,33.18836,-86.2945,"[33, -86]"
Tabor,23776,Valid,H5,,1753-01-01T00:00:00.000,49.4,14.65,"[49, 14]"
Tadjera,23778,Valid,L5,,1867-01-01T00:00:00.000,36.18333,5.41667,"[36, 5]"
Tagish Lake,23782,Valid,C2-ung,,2000-01-01T00:00:00.000,59.70444,-134.20139,"[59, -134]"
Tahara,23784,Valid,H4/5,,1991-01-01T00:00:00.000,34.72,137.305,"[34, 137]"
Takenouchi,23789,Valid,H5,,1880-01-01T00:00:00.000,35.38333,134.9,"[35, 134]"
Talampaya,23791,Valid,Eucrite-cm,,1995-01-01T00:00:00.000,,,"[None, None]"
Tambakwatu,23795,Valid,L6,,1975-01-01T00:00:00.000,-7.75,112.76667,"[-7, 112]"
Tamdakht,48691,Valid,H5,,2008-01-01T00:00:00.000,31.16333,-7.015,"[31, -7]"
Tané,23801,Valid,L5,,1918-01-01T00:00:00.000,35.43333,136.23333,"[35, 136]"
Taonan,23873,Valid,L5,,1965-01-01T00:00:00.000,45.4,122.9,"[45, 122]"
Tatahouine,23884,Valid,Diogenite,,1931-01-01T00:00:00.000,32.95,10.41667,"[32, 10]"
Tathlith,23885,Valid,L6,,1967-01-01T00:00:00.000,19.38333,43.73333,"[19, 43]"
Tauk,23887,Valid,L6,,1929-01-01T00:00:00.000,35.13333,44.45,"[35, 44]"
Tauti,23888,Valid,L6,,1937-01-01T00:00:00.000,46.71667,23.5,"[46, 23]"
Tenham,23897,Valid,L6,,1879-01-01T00:00:00.000,-25.73333,142.95,"[-25, 142]"
Tennasilm,23898,Valid,L4,,1872-01-01T00:00:00.000,58.03333,26.95,"[58, 26]"
Thal,23908,Valid,H6,,1950-01-01T00:00:00.000,33.4,70.6,"[33, 70]"
Thika,54493,Valid,L6,,2011-01-01T00:00:00.000,-1.00278,37.15028,"[-1, 37]"
Thuathe,23976,Valid,H4/5,,2002-01-01T00:00:00.000,-29.33333,27.58333,"[-29, 27]"
Tianzhang,23984,Valid,H5,,1986-01-01T00:00:00.000,32.94667,118.99,"[32, 118]"
Tieschitz,23989,Valid,H/L3.6,,1878-01-01T00:00:00.000,49.6,17.11667,"[49, 17]"
Tilden,23998,Valid,L6,,1927-01-01T00:00:00.000,38.2,-89.68333,"[38, -89]"
Tillaberi,23999,Valid,L6,,1970-01-01T00:00:00.000,14.25,1.53333,"[14, 1]"
Timochin,24004,Valid,H5,,1807-01-01T00:00:00.000,54.5,35.2,"[54, 35]"
Tirupati,24009,Valid,H6,,1934-01-01T00:00:00.000,13.63333,79.41667,"[13, 79]"
Tissint,54823,Valid,Martian (shergottite),,2011-01-01T00:00:00.000,29.48195,-7.61123,"[29, -7]"
Tjabe,24011,Valid,H6,,1869-01-01T00:00:00.000,-7.08333,111.53333,"[-7, 111]"
Tjerebon,24012,Valid,L5,,1922-01-01T00:00:00.000,-6.66667,106.58333,"[-6, 106]"
Tomakovka,24019,Valid,LL6,,1905-01-01T00:00:00.000,47.85,34.76667,"[47, 34]"
